transaction_id,processor_name,amount,currency,status,merchant_id,transaction_date,reference_number,fee
TXN_SQUARE_20251008_0001,square,9.99,USD,completed,MERCH_001,2025-10-08 09:45:16.598561,REF_SQUARE_1,0.59
TXN_SQUARE_20251008_0015,square,799.99,USD,completed,MERCH_015,2025-10-08 09:45:16.599458,REF_SQUARE_15,23.50
TXN_SQUARE_20251008_0026,square,0.99,USD,completed,MERCH_026,2025-10-08 09:45:16.600535,REF_SQUARE_26,0.33
TXN_SQUARE_20251008_0041,square,2.49,USD,completed,MERCH_041,2025-10-08 09:45:16.602070,REF_SQUARE_41,0.37
TXN_SQUARE_20251008_0045,square,39.99,USD,completed,MERCH_045,2025-10-08 09:45:16.602460,REF_SQUARE_45,1.46
TXN_SQUARE_20251008_0049,square,5.99,USD,completed,MERCH_049,2025-10-08 09:45:16.602810,REF_SQUARE_49,0.47
TXN_SQUARE_20251008_0052,square,19.99,USD,completed,MERCH_002,2025-10-08 09:45:16.951556,REF_SQUARE_52,0.88
TXN_SQUARE_20251008_0054,square,12.99,USD,completed,MERCH_004,2025-10-08 09:45:16.951618,REF_SQUARE_54,0.68
TXN_SQUARE_20251008_0056,square,49.99,USD,completed,MERCH_006,2025-10-08 09:45:16.951741,REF_SQUARE_56,1.75
TXN_SQUARE_20251008_0059,square,69.99,USD,completed,MERCH_009,2025-10-08 09:45:16.951825,REF_SQUARE_59,2.33
TXN_SQUARE_20251008_0069,square,9.99,USD,completed,MERCH_019,2025-10-08 09:45:16.952179,REF_SQUARE_69,0.59
TXN_SQUARE_20251008_0076,square,0.99,USD,completed,MERCH_026,2025-10-08 09:45:16.952365,REF_SQUARE_76,0.33
TXN_SQUARE_20251008_0086,square,19.99,USD,completed,MERCH_036,2025-10-08 09:45:16.952715,REF_SQUARE_86,0.88
TXN_SQUARE_20251008_0094,square,29.99,USD,completed,MERCH_044,2025-10-08 09:45:16.953056,REF_SQUARE_94,1.17
TXN_SQUARE_20251008_0107,square,129.99,USD,completed,MERCH_007,2025-10-08 09:45:17.449901,REF_SQUARE_107,4.07
TXN_SQUARE_20251008_0113,square,299.99,USD,completed,MERCH_013,2025-10-08 09:45:17.450139,REF_SQUARE_113,9.00
TXN_SQUARE_20251008_0132,square,3.49,USD,completed,MERCH_032,2025-10-08 09:45:17.458933,REF_SQUARE_132,0.40
TXN_SQUARE_20251008_0133,square,4.99,USD,completed,MERCH_033,2025-10-08 09:45:17.459066,REF_SQUARE_133,0.44
TXN_SQUARE_20251008_0138,square,5.99,USD,completed,MERCH_038,2025-10-08 09:45:17.459284,REF_SQUARE_138,0.47
TXN_SQUARE_20251008_0147,square,49.99,USD,completed,MERCH_047,2025-10-08 09:45:17.459706,REF_SQUARE_147,1.75
TXN_SQUARE_20251008_0153,square,14.99,USD,completed,MERCH_003,2025-10-08 09:45:18.424133,REF_SQUARE_153,0.73
TXN_SQUARE_20251008_0164,square,499.99,USD,completed,MERCH_014,2025-10-08 09:45:18.425340,REF_SQUARE_164,14.80
TXN_SQUARE_20251008_0179,square,3.99,USD,completed,MERCH_029,2025-10-08 09:45:18.427376,REF_SQUARE_179,0.42
TXN_SQUARE_20251008_0187,square,1.99,USD,completed,MERCH_037,2025-10-08 09:45:18.428242,REF_SQUARE_187,0.36
TXN_SQUARE_20251008_0196,square,14.99,USD,completed,MERCH_046,2025-10-08 09:45:18.429072,REF_SQUARE_196,0.73
TXN_SQUARE_20251008_0197,square,49.99,USD,completed,MERCH_047,2025-10-08 09:45:18.429167,REF_SQUARE_197,1.75
TXN_SQUARE_20251008_0199,square,5.99,USD,completed,MERCH_049,2025-10-08 09:45:18.429339,REF_SQUARE_199,0.47
TXN_SQUARE_20251008_0208,square,89.99,USD,completed,MERCH_008,2025-10-08 09:45:19.347676,REF_SQUARE_208,2.91
TXN_SQUARE_20251008_0213,square,299.99,USD,completed,MERCH_013,2025-10-08 09:45:19.348075,REF_SQUARE_213,9.00
TXN_SQUARE_20251008_0220,square,4.99,USD,completed,MERCH_020,2025-10-08 09:45:19.348577,REF_SQUARE_220,0.44
TXN_SQUARE_20251008_0226,square,0.99,USD,completed,MERCH_026,2025-10-08 09:45:19.348934,REF_SQUARE_226,0.33
TXN_SQUARE_20251008_0231,square,0.79,USD,completed,MERCH_031,2025-10-08 09:45:19.349231,REF_SQUARE_231,0.32
TXN_SQUARE_20251008_0232,square,3.49,USD,completed,MERCH_032,2025-10-08 09:45:19.349293,REF_SQUARE_232,0.40
TXN_SQUARE_20251008_0239,square,1.99,USD,completed,MERCH_039,2025-10-08 09:45:19.349723,REF_SQUARE_239,0.36
TXN_SQUARE_20251008_0254,square,12.99,USD,completed,MERCH_004,2025-10-08 09:45:19.895581,REF_SQUARE_254,0.68
TXN_SQUARE_20251008_0255,square,8.99,USD,completed,MERCH_005,2025-10-08 09:45:19.895661,REF_SQUARE_255,0.56
TXN_SQUARE_20251008_0258,square,89.99,USD,completed,MERCH_008,2025-10-08 09:45:19.905483,REF_SQUARE_258,2.91
TXN_SQUARE_20251008_0261,square,1899.99,USD,completed,MERCH_011,2025-10-08 09:45:19.906604,REF_SQUARE_261,55.40
TXN_SQUARE_20251008_0295,square,39.99,USD,completed,MERCH_045,2025-10-08 09:45:19.910212,REF_SQUARE_295,1.46
TXN_SQUARE_20251008_0299,square,5.99,USD,completed,MERCH_049,2025-10-08 09:45:19.910543,REF_SQUARE_299,0.47
TXN_SQUARE_20251008_0306,square,49.99,USD,completed,MERCH_006,2025-10-08 09:45:20.393060,REF_SQUARE_306,1.75
TXN_SQUARE_20251008_0308,square,89.99,USD,completed,MERCH_008,2025-10-08 09:45:20.393208,REF_SQUARE_308,2.91
TXN_SQUARE_20251008_0322,square,10.99,USD,completed,MERCH_022,2025-10-08 09:45:20.394525,REF_SQUARE_322,0.62
TXN_SQUARE_20251008_0324,square,14.99,USD,completed,MERCH_024,2025-10-08 09:45:20.394669,REF_SQUARE_324,0.73
TXN_SQUARE_20251008_0329,square,3.99,USD,completed,MERCH_029,2025-10-08 09:45:20.395324,REF_SQUARE_329,0.42
TXN_SQUARE_20251008_0337,square,1.99,USD,completed,MERCH_037,2025-10-08 09:45:20.396062,REF_SQUARE_337,0.36
TXN_SQUARE_20251008_0343,square,59.99,USD,completed,MERCH_043,2025-10-08 09:45:20.396611,REF_SQUARE_343,2.04
TXN_SQUARE_20251008_0347,square,49.99,USD,completed,MERCH_047,2025-10-08 09:45:20.407243,REF_SQUARE_347,1.75
TXN_SQUARE_20251008_0349,square,5.99,USD,completed,MERCH_049,2025-10-08 09:45:20.407390,REF_SQUARE_349,0.47
TXN_SQUARE_20251008_0364,square,499.99,USD,completed,MERCH_014,2025-10-08 09:45:20.808645,REF_SQUARE_364,14.80
TXN_SQUARE_20251008_0367,square,12.99,USD,completed,MERCH_017,2025-10-08 09:45:20.808834,REF_SQUARE_367,0.68
TXN_SQUARE_20251008_0372,square,10.99,USD,completed,MERCH_022,2025-10-08 09:45:20.809151,REF_SQUARE_372,0.62
TXN_SQUARE_20251008_0374,square,14.99,USD,completed,MERCH_024,2025-10-08 09:45:20.809277,REF_SQUARE_374,0.73
TXN_SQUARE_20251008_0375,square,1.29,USD,completed,MERCH_025,2025-10-08 09:45:20.809339,REF_SQUARE_375,0.34
TXN_SQUARE_20251008_0395,square,39.99,USD,completed,MERCH_045,2025-10-08 09:45:20.810945,REF_SQUARE_395,1.46
TXN_SQUARE_20251008_0396,square,14.99,USD,completed,MERCH_046,2025-10-08 09:45:20.811008,REF_SQUARE_396,0.73
TXN_SQUARE_20251008_0399,square,5.99,USD,completed,MERCH_049,2025-10-08 09:45:20.811193,REF_SQUARE_399,0.47
TXN_SQUARE_20251008_0401,square,9.99,USD,completed,MERCH_001,2025-10-08 09:45:21.163099,REF_SQUARE_401,0.59
TXN_SQUARE_20251008_0407,square,129.99,USD,completed,MERCH_007,2025-10-08 09:45:21.173618,REF_SQUARE_407,4.07
TXN_SQUARE_20251008_0409,square,69.99,USD,completed,MERCH_009,2025-10-08 09:45:21.174227,REF_SQUARE_409,2.33
TXN_SQUARE_20251008_0433,square,4.99,USD,completed,MERCH_033,2025-10-08 09:45:21.187888,REF_SQUARE_433,0.44
TXN_SQUARE_20251008_0435,square,2.29,USD,completed,MERCH_035,2025-10-08 09:45:21.188027,REF_SQUARE_435,0.37
TXN_SQUARE_20251008_0456,square,49.99,USD,completed,MERCH_006,2025-10-08 09:45:21.589149,REF_SQUARE_456,1.75
TXN_SQUARE_20251008_0458,square,89.99,USD,completed,MERCH_008,2025-10-08 09:45:21.589368,REF_SQUARE_458,2.91
TXN_SQUARE_20251008_0461,square,1899.99,USD,completed,MERCH_011,2025-10-08 09:45:21.589592,REF_SQUARE_461,55.40
TXN_SQUARE_20251008_0466,square,1.99,USD,completed,MERCH_016,2025-10-08 09:45:21.590204,REF_SQUARE_466,0.36
TXN_SQUARE_20251008_0467,square,12.99,USD,completed,MERCH_017,2025-10-08 09:45:21.590273,REF_SQUARE_467,0.68
TXN_SQUARE_20251008_0473,square,2.99,USD,completed,MERCH_023,2025-10-08 09:45:21.590767,REF_SQUARE_473,0.39
TXN_SQUARE_20251008_0483,square,4.99,USD,completed,MERCH_033,2025-10-08 09:45:21.591645,REF_SQUARE_483,0.44
TXN_SQUARE_20251008_0486,square,19.99,USD,completed,MERCH_036,2025-10-08 09:45:21.591841,REF_SQUARE_486,0.88
TXN_SQUARE_20251008_0497,square,49.99,USD,completed,MERCH_047,2025-10-08 09:45:21.592758,REF_SQUARE_497,1.75
TXN_SQUARE_20251008_0506,square,49.99,USD,completed,MERCH_006,2025-10-08 09:45:21.950600,REF_SQUARE_506,1.75
TXN_SQUARE_20251008_0509,square,69.99,USD,completed,MERCH_009,2025-10-08 09:45:21.950839,REF_SQUARE_509,2.33
TXN_SQUARE_20251008_0519,square,9.99,USD,completed,MERCH_019,2025-10-08 09:45:21.951567,REF_SQUARE_519,0.59
TXN_SQUARE_20251008_0531,square,0.79,USD,completed,MERCH_031,2025-10-08 09:45:21.954816,REF_SQUARE_531,0.32
TXN_SQUARE_20251008_0536,square,19.99,USD,completed,MERCH_036,2025-10-08 09:45:21.956416,REF_SQUARE_536,0.88
TXN_SQUARE_20251008_0547,square,49.99,USD,completed,MERCH_047,2025-10-08 09:45:21.958858,REF_SQUARE_547,1.75
TXN_SQUARE_20251008_0554,square,12.99,USD,completed,MERCH_004,2025-10-08 09:45:22.888138,REF_SQUARE_554,0.68
TXN_SQUARE_20251008_0556,square,49.99,USD,completed,MERCH_006,2025-10-08 09:45:22.888275,REF_SQUARE_556,1.75
TXN_SQUARE_20251008_0559,square,69.99,USD,completed,MERCH_009,2025-10-08 09:45:22.888472,REF_SQUARE_559,2.33
TXN_SQUARE_20251008_0560,square,79.99,USD,completed,MERCH_010,2025-10-08 09:45:22.888537,REF_SQUARE_560,2.62
TXN_SQUARE_20251008_0566,square,1.99,USD,completed,MERCH_016,2025-10-08 09:45:22.888920,REF_SQUARE_566,0.36
TXN_SQUARE_20251008_0567,square,12.99,USD,completed,MERCH_017,2025-10-08 09:45:22.888984,REF_SQUARE_567,0.68
TXN_SQUARE_20251008_0580,square,2.49,USD,completed,MERCH_030,2025-10-08 09:45:22.889877,REF_SQUARE_580,0.37
TXN_SQUARE_20251008_0581,square,0.79,USD,completed,MERCH_031,2025-10-08 09:45:22.889940,REF_SQUARE_581,0.32
TXN_SQUARE_20251008_0590,square,3.99,USD,completed,MERCH_040,2025-10-08 09:45:22.891747,REF_SQUARE_590,0.42
TXN_SQUARE_20251008_0591,square,2.49,USD,completed,MERCH_041,2025-10-08 09:45:22.891814,REF_SQUARE_591,0.37
TXN_SQUARE_20251008_0613,square,299.99,USD,completed,MERCH_013,2025-10-08 09:45:23.784257,REF_SQUARE_613,9.00
TXN_SQUARE_20251008_0614,square,499.99,USD,completed,MERCH_014,2025-10-08 09:45:23.784332,REF_SQUARE_614,14.80
TXN_SQUARE_20251008_0616,square,1.99,USD,completed,MERCH_016,2025-10-08 09:45:23.784544,REF_SQUARE_616,0.36
TXN_SQUARE_20251008_0623,square,2.99,USD,completed,MERCH_023,2025-10-08 09:45:23.794172,REF_SQUARE_623,0.39
TXN_SQUARE_20251008_0638,square,5.99,USD,completed,MERCH_038,2025-10-08 09:45:23.795409,REF_SQUARE_638,0.47
TXN_SQUARE_20251008_0640,square,3.99,USD,completed,MERCH_040,2025-10-08 09:45:23.795554,REF_SQUARE_640,0.42
TXN_SQUARE_20251008_0671,square,1.49,USD,completed,MERCH_021,2025-10-08 09:45:24.106219,REF_SQUARE_671,0.34
TXN_SQUARE_20251008_0674,square,14.99,USD,completed,MERCH_024,2025-10-08 09:45:24.106487,REF_SQUARE_674,0.73
TXN_SQUARE_20251008_0678,square,5.49,USD,completed,MERCH_028,2025-10-08 09:45:24.106738,REF_SQUARE_678,0.46
TXN_SQUARE_20251008_0685,square,2.29,USD,completed,MERCH_035,2025-10-08 09:45:24.107257,REF_SQUARE_685,0.37
TXN_SQUARE_20251008_0687,square,1.99,USD,completed,MERCH_037,2025-10-08 09:45:24.107401,REF_SQUARE_687,0.36
TXN_SQUARE_20251008_0702,square,19.99,USD,completed,MERCH_002,2025-10-08 09:45:24.644733,REF_SQUARE_702,0.88
TXN_SQUARE_20251008_0703,square,14.99,USD,completed,MERCH_003,2025-10-08 09:45:24.644812,REF_SQUARE_703,0.73
TXN_SQUARE_20251008_0707,square,129.99,USD,completed,MERCH_007,2025-10-08 09:45:24.655747,REF_SQUARE_707,4.07
TXN_SQUARE_20251008_0709,square,69.99,USD,completed,MERCH_009,2025-10-08 09:45:24.655998,REF_SQUARE_709,2.33
TXN_SQUARE_20251008_0718,square,8.99,USD,completed,MERCH_018,2025-10-08 09:45:24.656857,REF_SQUARE_718,0.56
TXN_SQUARE_20251008_0720,square,4.99,USD,completed,MERCH_020,2025-10-08 09:45:24.657060,REF_SQUARE_720,0.44
TXN_SQUARE_20251008_0722,square,10.99,USD,completed,MERCH_022,2025-10-08 09:45:24.657187,REF_SQUARE_722,0.62
TXN_SQUARE_20251008_0723,square,2.99,USD,completed,MERCH_023,2025-10-08 09:45:24.657249,REF_SQUARE_723,0.39
TXN_SQUARE_20251008_0728,square,5.49,USD,completed,MERCH_028,2025-10-08 09:45:24.657736,REF_SQUARE_728,0.46
TXN_SQUARE_20251008_0761,square,1899.99,USD,completed,MERCH_011,2025-10-08 09:45:25.017578,REF_SQUARE_761,55.40
TXN_SQUARE_20251008_0767,square,12.99,USD,completed,MERCH_017,2025-10-08 09:45:25.018017,REF_SQUARE_767,0.68
TXN_SQUARE_20251008_0771,square,1.49,USD,completed,MERCH_021,2025-10-08 09:45:25.018472,REF_SQUARE_771,0.34
TXN_SQUARE_20251008_0776,square,0.99,USD,completed,MERCH_026,2025-10-08 09:45:25.018911,REF_SQUARE_776,0.33
TXN_SQUARE_20251008_0782,square,3.49,USD,completed,MERCH_032,2025-10-08 09:45:25.019306,REF_SQUARE_782,0.40
TXN_SQUARE_20251008_0786,square,19.99,USD,completed,MERCH_036,2025-10-08 09:45:25.019569,REF_SQUARE_786,0.88
TXN_SQUARE_20251008_0792,square,0.99,USD,completed,MERCH_042,2025-10-08 09:45:25.020110,REF_SQUARE_792,0.33
TXN_SQUARE_20251008_0796,square,14.99,USD,completed,MERCH_046,2025-10-08 09:45:25.020390,REF_SQUARE_796,0.73
TXN_SQUARE_20251008_0799,square,5.99,USD,completed,MERCH_049,2025-10-08 09:45:25.020689,REF_SQUARE_799,0.47
TXN_SQUARE_20251008_0802,square,19.99,USD,completed,MERCH_002,2025-10-08 09:45:25.536109,REF_SQUARE_802,0.88
TXN_SQUARE_20251008_0805,square,8.99,USD,completed,MERCH_005,2025-10-08 09:45:25.537555,REF_SQUARE_805,0.56
TXN_SQUARE_20251008_0811,square,1899.99,USD,completed,MERCH_011,2025-10-08 09:45:25.623023,REF_SQUARE_811,55.40
TXN_SQUARE_20251008_0814,square,499.99,USD,completed,MERCH_014,2025-10-08 09:45:25.623236,REF_SQUARE_814,14.80
TXN_SQUARE_20251008_0820,square,4.99,USD,completed,MERCH_020,2025-10-08 09:45:25.637168,REF_SQUARE_820,0.44
TXN_SQUARE_20251008_0827,square,6.99,USD,completed,MERCH_027,2025-10-08 09:45:25.637703,REF_SQUARE_827,0.50
TXN_SQUARE_20251008_0852,square,19.99,USD,completed,MERCH_002,2025-10-08 09:45:26.025186,REF_SQUARE_852,0.88
TXN_SQUARE_20251008_0855,square,8.99,USD,completed,MERCH_005,2025-10-08 09:45:26.025495,REF_SQUARE_855,0.56
TXN_SQUARE_20251008_0856,square,49.99,USD,completed,MERCH_006,2025-10-08 09:45:26.025571,REF_SQUARE_856,1.75
TXN_SQUARE_20251008_0869,square,9.99,USD,completed,MERCH_019,2025-10-08 09:45:26.027417,REF_SQUARE_869,0.59
TXN_SQUARE_20251008_0884,square,7.99,USD,completed,MERCH_034,2025-10-08 09:45:26.040713,REF_SQUARE_884,0.53
TXN_SQUARE_20251008_0887,square,1.99,USD,completed,MERCH_037,2025-10-08 09:45:26.041461,REF_SQUARE_887,0.36
TXN_SQUARE_20251008_0900,square,9.99,USD,completed,MERCH_050,2025-10-08 09:45:26.053613,REF_SQUARE_900,0.59
TXN_SQUARE_20251008_0922,square,10.99,USD,completed,MERCH_022,2025-10-08 09:45:26.525415,REF_SQUARE_922,0.62
TXN_SQUARE_20251008_0944,square,29.99,USD,completed,MERCH_044,2025-10-08 09:45:26.527265,REF_SQUARE_944,1.17
TXN_SQUARE_20251008_0945,square,39.99,USD,completed,MERCH_045,2025-10-08 09:45:26.527326,REF_SQUARE_945,1.46
TXN_SQUARE_20251008_0966,square,1.99,USD,completed,MERCH_016,2025-10-08 09:45:27.020273,REF_SQUARE_966,0.36
TXN_SQUARE_20251008_1012,square,2499.99,USD,completed,MERCH_012,2025-10-08 09:45:29.051364,REF_SQUARE_1012,72.80
TXN_SQUARE_20251008_1013,square,299.99,USD,completed,MERCH_013,2025-10-08 09:45:29.051447,REF_SQUARE_1013,9.00
TXN_SQUARE_20251008_1014,square,499.99,USD,completed,MERCH_014,2025-10-08 09:45:29.051531,REF_SQUARE_1014,14.80
TXN_SQUARE_20251008_1026,square,0.99,USD,completed,MERCH_026,2025-10-08 09:45:29.118892,REF_SQUARE_1026,0.33
TXN_SQUARE_20251008_1027,square,6.99,USD,completed,MERCH_027,2025-10-08 09:45:29.118975,REF_SQUARE_1027,0.50
TXN_SQUARE_20251008_1028,square,5.49,USD,completed,MERCH_028,2025-10-08 09:45:29.119145,REF_SQUARE_1028,0.46
TXN_SQUARE_20251008_1030,square,2.49,USD,completed,MERCH_030,2025-10-08 09:45:29.119317,REF_SQUARE_1030,0.37
TXN_SQUARE_20251008_1043,square,59.99,USD,completed,MERCH_043,2025-10-08 09:45:29.120307,REF_SQUARE_1043,2.04
TXN_SQUARE_20251008_1052,square,19.99,USD,completed,MERCH_002,2025-10-08 09:45:30.721547,REF_SQUARE_1052,0.88
TXN_SQUARE_20251008_1056,square,49.99,USD,completed,MERCH_006,2025-10-08 09:45:30.721845,REF_SQUARE_1056,1.75
TXN_SQUARE_20251008_1061,square,1899.99,USD,completed,MERCH_011,2025-10-08 09:45:30.722300,REF_SQUARE_1061,55.40
TXN_SQUARE_20251008_1071,square,1.49,USD,completed,MERCH_021,2025-10-08 09:45:30.723192,REF_SQUARE_1071,0.34
TXN_SQUARE_20251008_1072,square,10.99,USD,completed,MERCH_022,2025-10-08 09:45:30.723260,REF_SQUARE_1072,0.62
TXN_SQUARE_20251008_1078,square,5.49,USD,completed,MERCH_028,2025-10-08 09:45:30.723791,REF_SQUARE_1078,0.46
TXN_SQUARE_20251008_1088,square,5.99,USD,completed,MERCH_038,2025-10-08 09:45:30.724746,REF_SQUARE_1088,0.47
TXN_SQUARE_20251008_1090,square,3.99,USD,completed,MERCH_040,2025-10-08 09:45:30.734500,REF_SQUARE_1090,0.42
TXN_SQUARE_20251008_1120,square,4.99,USD,completed,MERCH_020,2025-10-08 09:45:31.838959,REF_SQUARE_1120,0.44
TXN_SQUARE_20251008_1123,square,2.99,USD,completed,MERCH_023,2025-10-08 09:45:31.839162,REF_SQUARE_1123,0.39
TXN_SQUARE_20251008_1126,square,0.99,USD,completed,MERCH_026,2025-10-08 09:45:31.839365,REF_SQUARE_1126,0.33
TXN_SQUARE_20251008_1137,square,1.99,USD,completed,MERCH_037,2025-10-08 09:45:31.840113,REF_SQUARE_1137,0.36
TXN_SQUARE_20251008_1138,square,5.99,USD,completed,MERCH_038,2025-10-08 09:45:31.840282,REF_SQUARE_1138,0.47
TXN_SQUARE_20251008_1142,square,0.99,USD,completed,MERCH_042,2025-10-08 09:45:31.840561,REF_SQUARE_1142,0.33
TXN_SQUARE_20251008_1150,square,9.99,USD,completed,MERCH_050,2025-10-08 09:45:31.841099,REF_SQUARE_1150,0.59
TXN_SQUARE_20251008_1156,square,49.99,USD,completed,MERCH_006,2025-10-08 09:45:32.224397,REF_SQUARE_1156,1.75
TXN_SQUARE_20251008_1162,square,2499.99,USD,completed,MERCH_012,2025-10-08 09:45:32.224902,REF_SQUARE_1162,72.80
TXN_SQUARE_20251008_1167,square,12.99,USD,completed,MERCH_017,2025-10-08 09:45:32.235020,REF_SQUARE_1167,0.68
TXN_SQUARE_20251008_1182,square,3.49,USD,completed,MERCH_032,2025-10-08 09:45:32.236472,REF_SQUARE_1182,0.40
TXN_SQUARE_20251008_1183,square,4.99,USD,completed,MERCH_033,2025-10-08 09:45:32.236540,REF_SQUARE_1183,0.44
TXN_SQUARE_20251008_1188,square,5.99,USD,completed,MERCH_038,2025-10-08 09:45:32.236879,REF_SQUARE_1188,0.47
TXN_SQUARE_20251008_1197,square,49.99,USD,completed,MERCH_047,2025-10-08 09:45:32.237507,REF_SQUARE_1197,1.75
TXN_SQUARE_20251008_1209,square,69.99,USD,completed,MERCH_009,2025-10-08 09:45:34.231731,REF_SQUARE_1209,2.33
TXN_SQUARE_20251008_1210,square,79.99,USD,completed,MERCH_010,2025-10-08 09:45:34.231800,REF_SQUARE_1210,2.62
TXN_SQUARE_20251008_1219,square,9.99,USD,completed,MERCH_019,2025-10-08 09:45:34.246007,REF_SQUARE_1219,0.59
TXN_SQUARE_20251008_1221,square,1.49,USD,completed,MERCH_021,2025-10-08 09:45:34.246149,REF_SQUARE_1221,0.34
TXN_SQUARE_20251008_1227,square,6.99,USD,completed,MERCH_027,2025-10-08 09:45:34.246713,REF_SQUARE_1227,0.50
TXN_SQUARE_20251008_1245,square,39.99,USD,completed,MERCH_045,2025-10-08 09:45:34.248016,REF_SQUARE_1245,1.46
TXN_SQUARE_20251008_1246,square,14.99,USD,completed,MERCH_046,2025-10-08 09:45:34.248096,REF_SQUARE_1246,0.73
TXN_SQUARE_20251008_1258,square,89.99,USD,completed,MERCH_008,2025-10-08 09:45:35.001558,REF_SQUARE_1258,2.91
TXN_SQUARE_20251008_1269,square,9.99,USD,completed,MERCH_019,2025-10-08 09:45:35.002566,REF_SQUARE_1269,0.59
TXN_SQUARE_20251008_1270,square,4.99,USD,completed,MERCH_020,2025-10-08 09:45:35.002638,REF_SQUARE_1270,0.44
TXN_SQUARE_20251008_1277,square,6.99,USD,completed,MERCH_027,2025-10-08 09:45:35.003132,REF_SQUARE_1277,0.50
TXN_SQUARE_20251008_1283,square,4.99,USD,completed,MERCH_033,2025-10-08 09:45:35.003545,REF_SQUARE_1283,0.44
TXN_SQUARE_20251008_1286,square,19.99,USD,completed,MERCH_036,2025-10-08 09:45:35.003753,REF_SQUARE_1286,0.88
TXN_SQUARE_20251008_1291,square,2.49,USD,completed,MERCH_041,2025-10-08 09:45:35.004225,REF_SQUARE_1291,0.37
TXN_SQUARE_20251008_1293,square,59.99,USD,completed,MERCH_043,2025-10-08 09:45:35.004380,REF_SQUARE_1293,2.04
TXN_SQUARE_20251008_1296,square,14.99,USD,completed,MERCH_046,2025-10-08 09:45:35.004600,REF_SQUARE_1296,0.73
TXN_SQUARE_20251008_1312,square,2499.99,USD,completed,MERCH_012,2025-10-08 09:45:35.571973,REF_SQUARE_1312,72.80
TXN_SQUARE_20251008_1323,square,2.99,USD,completed,MERCH_023,2025-10-08 09:45:35.572762,REF_SQUARE_1323,0.39
TXN_SQUARE_20251008_1331,square,0.79,USD,completed,MERCH_031,2025-10-08 09:45:35.573270,REF_SQUARE_1331,0.32
TXN_SQUARE_20251008_1334,square,7.99,USD,completed,MERCH_034,2025-10-08 09:45:35.573710,REF_SQUARE_1334,0.53
TXN_SQUARE_20251008_1336,square,19.99,USD,completed,MERCH_036,2025-10-08 09:45:35.573851,REF_SQUARE_1336,0.88
TXN_SQUARE_20251008_1340,square,3.99,USD,completed,MERCH_040,2025-10-08 09:45:35.574221,REF_SQUARE_1340,0.42
TXN_SQUARE_20251008_1341,square,2.49,USD,completed,MERCH_041,2025-10-08 09:45:35.574536,REF_SQUARE_1341,0.37
TXN_SQUARE_20251008_1358,square,89.99,USD,completed,MERCH_008,2025-10-08 09:45:36.064870,REF_SQUARE_1358,2.91
TXN_SQUARE_20251008_1360,square,79.99,USD,completed,MERCH_010,2025-10-08 09:45:36.065010,REF_SQUARE_1360,2.62
TXN_SQUARE_20251008_1364,square,499.99,USD,completed,MERCH_014,2025-10-08 09:45:36.065295,REF_SQUARE_1364,14.80
TXN_SQUARE_20251008_1388,square,5.99,USD,completed,MERCH_038,2025-10-08 09:45:36.075917,REF_SQUARE_1388,0.47
TXN_SQUARE_20251008_1393,square,59.99,USD,completed,MERCH_043,2025-10-08 09:45:36.076224,REF_SQUARE_1393,2.04
TXN_SQUARE_20251008_1396,square,14.99,USD,completed,MERCH_046,2025-10-08 09:45:36.076410,REF_SQUARE_1396,0.73
TXN_SQUARE_20251008_1397,square,49.99,USD,completed,MERCH_047,2025-10-08 09:45:36.076474,REF_SQUARE_1397,1.75
TXN_SQUARE_20251008_1398,square,7.99,USD,completed,MERCH_048,2025-10-08 09:45:36.076623,REF_SQUARE_1398,0.53
TXN_SQUARE_20251008_1424,square,14.99,USD,completed,MERCH_024,2025-10-08 09:45:37.608246,REF_SQUARE_1424,0.73
TXN_SQUARE_20251008_1436,square,19.99,USD,completed,MERCH_036,2025-10-08 09:45:37.609078,REF_SQUARE_1436,0.88
TXN_SQUARE_20251008_1440,square,3.99,USD,completed,MERCH_040,2025-10-08 09:45:37.609500,REF_SQUARE_1440,0.42
TXN_SQUARE_20251008_1442,square,0.99,USD,completed,MERCH_042,2025-10-08 09:45:37.609651,REF_SQUARE_1442,0.33
TXN_SQUARE_20251008_1446,square,14.99,USD,completed,MERCH_046,2025-10-08 09:45:37.610158,REF_SQUARE_1446,0.73
TXN_SQUARE_20251008_1452,square,19.99,USD,completed,MERCH_002,2025-10-08 09:45:38.019042,REF_SQUARE_1452,0.88
TXN_SQUARE_20251008_1465,square,799.99,USD,completed,MERCH_015,2025-10-08 09:45:38.020054,REF_SQUARE_1465,23.50
TXN_SQUARE_20251008_1474,square,14.99,USD,completed,MERCH_024,2025-10-08 09:45:38.020645,REF_SQUARE_1474,0.73
TXN_SQUARE_20251008_1475,square,1.29,USD,completed,MERCH_025,2025-10-08 09:45:38.020709,REF_SQUARE_1475,0.34
TXN_SQUARE_20251008_1477,square,6.99,USD,completed,MERCH_027,2025-10-08 09:45:38.020833,REF_SQUARE_1477,0.50
TXN_SQUARE_20251008_1480,square,2.49,USD,completed,MERCH_030,2025-10-08 09:45:38.021018,REF_SQUARE_1480,0.37
TXN_SQUARE_20251008_1481,square,0.79,USD,completed,MERCH_031,2025-10-08 09:45:38.021080,REF_SQUARE_1481,0.32
TXN_SQUARE_20251008_1482,square,3.49,USD,completed,MERCH_032,2025-10-08 09:45:38.021141,REF_SQUARE_1482,0.40
TXN_SQUARE_20251008_1490,square,3.99,USD,completed,MERCH_040,2025-10-08 09:45:38.021940,REF_SQUARE_1490,0.42
TXN_SQUARE_20251008_1497,square,49.99,USD,completed,MERCH_047,2025-10-08 09:45:38.022996,REF_SQUARE_1497,1.75
TXN_SQUARE_20251008_1499,square,5.99,USD,completed,MERCH_049,2025-10-08 09:45:38.023152,REF_SQUARE_1499,0.47
TXN_SQUARE_20251008_1507,square,129.99,USD,completed,MERCH_007,2025-10-08 09:45:45.893273,REF_SQUARE_1507,4.07
TXN_SQUARE_20251008_1509,square,69.99,USD,completed,MERCH_009,2025-10-08 09:45:45.893389,REF_SQUARE_1509,2.33
TXN_SQUARE_20251008_1526,square,0.99,USD,completed,MERCH_026,2025-10-08 09:45:45.894784,REF_SQUARE_1526,0.33
TXN_SQUARE_20251008_1536,square,19.99,USD,completed,MERCH_036,2025-10-08 09:45:45.901276,REF_SQUARE_1536,0.88
TXN_SQUARE_20251008_1545,square,39.99,USD,completed,MERCH_045,2025-10-08 09:45:45.901936,REF_SQUARE_1545,1.46
TXN_SQUARE_20251008_1548,square,7.99,USD,completed,MERCH_048,2025-10-08 09:45:45.902253,REF_SQUARE_1548,0.53
TXN_SQUARE_20251008_1549,square,5.99,USD,completed,MERCH_049,2025-10-08 09:45:45.902474,REF_SQUARE_1549,0.47
TXN_SQUARE_20251008_1552,square,19.99,USD,completed,MERCH_002,2025-10-08 09:45:46.497332,REF_SQUARE_1552,0.88
TXN_SQUARE_20251008_1558,square,89.99,USD,completed,MERCH_008,2025-10-08 09:45:46.497777,REF_SQUARE_1558,2.91
TXN_SQUARE_20251008_1573,square,2.99,USD,completed,MERCH_023,2025-10-08 09:45:46.498858,REF_SQUARE_1573,0.39
TXN_SQUARE_20251008_1595,square,39.99,USD,completed,MERCH_045,2025-10-08 09:45:46.500675,REF_SQUARE_1595,1.46
TXN_SQUARE_20251008_1597,square,49.99,USD,completed,MERCH_047,2025-10-08 09:45:46.500869,REF_SQUARE_1597,1.75
TXN_SQUARE_20251008_1600,square,9.99,USD,completed,MERCH_050,2025-10-08 09:45:46.501073,REF_SQUARE_1600,0.59
TXN_SQUARE_20251008_1606,square,49.99,USD,completed,MERCH_006,2025-10-08 09:45:47.118535,REF_SQUARE_1606,1.75
TXN_SQUARE_20251008_1612,square,2499.99,USD,completed,MERCH_012,2025-10-08 09:45:47.118899,REF_SQUARE_1612,72.80
TXN_SQUARE_20251008_1621,square,1.49,USD,completed,MERCH_021,2025-10-08 09:45:47.119493,REF_SQUARE_1621,0.34
TXN_SQUARE_20251008_1630,square,2.49,USD,completed,MERCH_030,2025-10-08 09:45:47.119952,REF_SQUARE_1630,0.37
TXN_SQUARE_20251008_1638,square,5.99,USD,completed,MERCH_038,2025-10-08 09:45:47.120352,REF_SQUARE_1638,0.47
TXN_SQUARE_20251008_1642,square,0.99,USD,completed,MERCH_042,2025-10-08 09:45:47.120551,REF_SQUARE_1642,0.33
TXN_SQUARE_20251008_1659,square,69.99,USD,completed,MERCH_009,2025-10-08 09:45:47.529049,REF_SQUARE_1659,2.33
TXN_SQUARE_20251008_1667,square,12.99,USD,completed,MERCH_017,2025-10-08 09:45:47.529451,REF_SQUARE_1667,0.68
TXN_SQUARE_20251008_1676,square,0.99,USD,completed,MERCH_026,2025-10-08 09:45:47.529968,REF_SQUARE_1676,0.33
TXN_SQUARE_20251008_1678,square,5.49,USD,completed,MERCH_028,2025-10-08 09:45:47.530069,REF_SQUARE_1678,0.46
TXN_SQUARE_20251008_1679,square,3.99,USD,completed,MERCH_029,2025-10-08 09:45:47.530119,REF_SQUARE_1679,0.42
TXN_SQUARE_20251008_1683,square,4.99,USD,completed,MERCH_033,2025-10-08 09:45:47.530482,REF_SQUARE_1683,0.44
TXN_SQUARE_20251008_1693,square,59.99,USD,completed,MERCH_043,2025-10-08 09:45:47.531009,REF_SQUARE_1693,2.04
TXN_SQUARE_20251008_1696,square,14.99,USD,completed,MERCH_046,2025-10-08 09:45:47.531161,REF_SQUARE_1696,0.73
TXN_SQUARE_20251008_1701,square,9.99,USD,completed,MERCH_001,2025-10-08 09:45:48.008751,REF_SQUARE_1701,0.59
TXN_SQUARE_20251008_1704,square,12.99,USD,completed,MERCH_004,2025-10-08 09:45:48.009026,REF_SQUARE_1704,0.68
TXN_SQUARE_20251008_1725,square,1.29,USD,completed,MERCH_025,2025-10-08 09:45:48.010200,REF_SQUARE_1725,0.34
TXN_SQUARE_20251008_1733,square,4.99,USD,completed,MERCH_033,2025-10-08 09:45:48.010549,REF_SQUARE_1733,0.44
TXN_SQUARE_20251008_1742,square,0.99,USD,completed,MERCH_042,2025-10-08 09:45:48.011198,REF_SQUARE_1742,0.33
TXN_SQUARE_20251008_1751,square,9.99,USD,completed,MERCH_001,2025-10-08 09:45:48.299918,REF_SQUARE_1751,0.59
TXN_SQUARE_20251008_1753,square,14.99,USD,completed,MERCH_003,2025-10-08 09:45:48.300128,REF_SQUARE_1753,0.73
TXN_SQUARE_20251008_1759,square,69.99,USD,completed,MERCH_009,2025-10-08 09:45:48.300817,REF_SQUARE_1759,2.33
TXN_SQUARE_20251008_1767,square,12.99,USD,completed,MERCH_017,2025-10-08 09:45:48.301406,REF_SQUARE_1767,0.68
TXN_SQUARE_20251008_1778,square,5.49,USD,completed,MERCH_028,2025-10-08 09:45:48.302080,REF_SQUARE_1778,0.46
TXN_SQUARE_20251008_1782,square,3.49,USD,completed,MERCH_032,2025-10-08 09:45:48.302321,REF_SQUARE_1782,0.40
TXN_SQUARE_20251008_1785,square,2.29,USD,completed,MERCH_035,2025-10-08 09:45:48.302503,REF_SQUARE_1785,0.37
TXN_SQUARE_20251008_1790,square,3.99,USD,completed,MERCH_040,2025-10-08 09:45:48.302819,REF_SQUARE_1790,0.42
TXN_SQUARE_20251008_1793,square,59.99,USD,completed,MERCH_043,2025-10-08 09:45:48.303036,REF_SQUARE_1793,2.04
TXN_SQUARE_20251008_1812,square,2499.99,USD,completed,MERCH_012,2025-10-08 09:45:48.866992,REF_SQUARE_1812,72.80
TXN_SQUARE_20251008_1813,square,299.99,USD,completed,MERCH_013,2025-10-08 09:45:48.867050,REF_SQUARE_1813,9.00
TXN_SQUARE_20251008_1833,square,4.99,USD,completed,MERCH_033,2025-10-08 09:45:48.869008,REF_SQUARE_1833,0.44
TXN_SQUARE_20251008_1835,square,2.29,USD,completed,MERCH_035,2025-10-08 09:45:48.869120,REF_SQUARE_1835,0.37
TXN_SQUARE_20251008_1843,square,59.99,USD,completed,MERCH_043,2025-10-08 09:45:48.869543,REF_SQUARE_1843,2.04
TXN_SQUARE_20251008_1852,square,19.99,USD,completed,MERCH_002,2025-10-08 09:45:49.329202,REF_SQUARE_1852,0.88
TXN_SQUARE_20251008_1859,square,69.99,USD,completed,MERCH_009,2025-10-08 09:45:49.330572,REF_SQUARE_1859,2.33
TXN_SQUARE_20251008_1863,square,299.99,USD,completed,MERCH_013,2025-10-08 09:45:49.331060,REF_SQUARE_1863,9.00
TXN_SQUARE_20251008_1880,square,2.49,USD,completed,MERCH_030,2025-10-08 09:45:49.333290,REF_SQUARE_1880,0.37
TXN_SQUARE_20251008_1882,square,3.49,USD,completed,MERCH_032,2025-10-08 09:45:49.333466,REF_SQUARE_1882,0.40
TXN_SQUARE_20251008_1886,square,19.99,USD,completed,MERCH_036,2025-10-08 09:45:49.333990,REF_SQUARE_1886,0.88
TXN_SQUARE_20251008_1895,square,39.99,USD,completed,MERCH_045,2025-10-08 09:45:49.334952,REF_SQUARE_1895,1.46
TXN_SQUARE_20251008_1900,square,9.99,USD,completed,MERCH_050,2025-10-08 09:45:49.336119,REF_SQUARE_1900,0.59
TXN_SQUARE_20251008_1903,square,14.99,USD,completed,MERCH_003,2025-10-08 09:45:49.948926,REF_SQUARE_1903,0.73
TXN_SQUARE_20251008_1909,square,69.99,USD,completed,MERCH_009,2025-10-08 09:45:49.949394,REF_SQUARE_1909,2.33
TXN_SQUARE_20251008_1923,square,2.99,USD,completed,MERCH_023,2025-10-08 09:45:49.950225,REF_SQUARE_1923,0.39
TXN_SQUARE_20251008_1924,square,14.99,USD,completed,MERCH_024,2025-10-08 09:45:49.950276,REF_SQUARE_1924,0.73
TXN_SQUARE_20251008_1927,square,6.99,USD,completed,MERCH_027,2025-10-08 09:45:49.950430,REF_SQUARE_1927,0.50
TXN_SQUARE_20251008_1930,square,2.49,USD,completed,MERCH_030,2025-10-08 09:45:49.950580,REF_SQUARE_1930,0.37
TXN_SQUARE_20251008_1969,square,9.99,USD,completed,MERCH_019,2025-10-08 09:45:51.131373,REF_SQUARE_1969,0.59
TXN_SQUARE_20251008_1973,square,2.99,USD,completed,MERCH_023,2025-10-08 09:45:51.131600,REF_SQUARE_1973,0.39
TXN_SQUARE_20251008_1977,square,6.99,USD,completed,MERCH_027,2025-10-08 09:45:51.131824,REF_SQUARE_1977,0.50
TXN_SQUARE_20251008_2000,square,9.99,USD,completed,MERCH_050,2025-10-08 09:45:51.133397,REF_SQUARE_2000,0.59
TXN_SQUARE_20251008_2022,square,10.99,USD,completed,MERCH_022,2025-10-08 09:45:51.850355,REF_SQUARE_2022,0.62
TXN_SQUARE_20251008_2030,square,2.49,USD,completed,MERCH_030,2025-10-08 09:45:51.851640,REF_SQUARE_2030,0.37
TXN_SQUARE_20251008_2031,square,0.79,USD,completed,MERCH_031,2025-10-08 09:45:51.851717,REF_SQUARE_2031,0.32
TXN_SQUARE_20251008_2036,square,19.99,USD,completed,MERCH_036,2025-10-08 09:45:51.852325,REF_SQUARE_2036,0.88
TXN_SQUARE_20251008_2047,square,49.99,USD,completed,MERCH_047,2025-10-08 09:45:51.853040,REF_SQUARE_2047,1.75
TXN_SQUARE_20251008_2056,square,49.99,USD,completed,MERCH_006,2025-10-08 09:45:52.899661,REF_SQUARE_2056,1.75
TXN_SQUARE_20251008_2060,square,79.99,USD,completed,MERCH_010,2025-10-08 09:45:52.900055,REF_SQUARE_2060,2.62
TXN_SQUARE_20251008_2064,square,499.99,USD,completed,MERCH_014,2025-10-08 09:45:52.900430,REF_SQUARE_2064,14.80
TXN_SQUARE_20251008_2082,square,3.49,USD,completed,MERCH_032,2025-10-08 09:45:52.903632,REF_SQUARE_2082,0.40
TXN_SQUARE_20251008_2086,square,19.99,USD,completed,MERCH_036,2025-10-08 09:45:52.914839,REF_SQUARE_2086,0.88
TXN_SQUARE_20251008_2100,square,9.99,USD,completed,MERCH_050,2025-10-08 09:45:52.916336,REF_SQUARE_2100,0.59
TXN_SQUARE_20251008_2102,square,19.99,USD,completed,MERCH_002,2025-10-08 09:45:54.191007,REF_SQUARE_2102,0.88
TXN_SQUARE_20251008_2109,square,69.99,USD,completed,MERCH_009,2025-10-08 09:45:54.191533,REF_SQUARE_2109,2.33
TXN_SQUARE_20251008_2111,square,1899.99,USD,completed,MERCH_011,2025-10-08 09:45:54.191645,REF_SQUARE_2111,55.40
TXN_SQUARE_20251008_2115,square,799.99,USD,completed,MERCH_015,2025-10-08 09:45:54.191869,REF_SQUARE_2115,23.50
TXN_SQUARE_20251008_2117,square,12.99,USD,completed,MERCH_017,2025-10-08 09:45:54.191986,REF_SQUARE_2117,0.68
TXN_SQUARE_20251008_2123,square,2.99,USD,completed,MERCH_023,2025-10-08 09:45:54.193042,REF_SQUARE_2123,0.39
TXN_SQUARE_20251008_2133,square,4.99,USD,completed,MERCH_033,2025-10-08 09:45:54.195213,REF_SQUARE_2133,0.44
TXN_SQUARE_20251008_2146,square,14.99,USD,completed,MERCH_046,2025-10-08 09:45:54.208807,REF_SQUARE_2146,0.73
TXN_SQUARE_20251008_2168,square,8.99,USD,completed,MERCH_018,2025-10-08 09:45:54.721218,REF_SQUARE_2168,0.56
TXN_SQUARE_20251008_2174,square,14.99,USD,completed,MERCH_024,2025-10-08 09:45:54.722154,REF_SQUARE_2174,0.73
TXN_SQUARE_20251008_2178,square,5.49,USD,completed,MERCH_028,2025-10-08 09:45:54.722404,REF_SQUARE_2178,0.46
TXN_SQUARE_20251008_2210,square,79.99,USD,completed,MERCH_010,2025-10-08 09:45:55.233218,REF_SQUARE_2210,2.62
TXN_SQUARE_20251008_2216,square,1.99,USD,completed,MERCH_016,2025-10-08 09:45:55.233623,REF_SQUARE_2216,0.36
TXN_SQUARE_20251008_2221,square,1.49,USD,completed,MERCH_021,2025-10-08 09:45:55.234042,REF_SQUARE_2221,0.34
TXN_SQUARE_20251008_2233,square,4.99,USD,completed,MERCH_033,2025-10-08 09:45:55.234962,REF_SQUARE_2233,0.44
TXN_SQUARE_20251008_2242,square,0.99,USD,completed,MERCH_042,2025-10-08 09:45:55.235606,REF_SQUARE_2242,0.33
TXN_SQUARE_20251008_2246,square,14.99,USD,completed,MERCH_046,2025-10-08 09:45:55.235826,REF_SQUARE_2246,0.73
TXN_SQUARE_20251008_2248,square,7.99,USD,completed,MERCH_048,2025-10-08 09:45:55.235934,REF_SQUARE_2248,0.53
TXN_SQUARE_20251008_2258,square,89.99,USD,completed,MERCH_008,2025-10-08 09:45:57.172459,REF_SQUARE_2258,2.91
TXN_SQUARE_20251008_2259,square,69.99,USD,completed,MERCH_009,2025-10-08 09:45:57.172580,REF_SQUARE_2259,2.33
TXN_SQUARE_20251008_2263,square,299.99,USD,completed,MERCH_013,2025-10-08 09:45:57.172714,REF_SQUARE_2263,9.00
TXN_SQUARE_20251008_2289,square,1.99,USD,completed,MERCH_039,2025-10-08 09:45:57.173929,REF_SQUARE_2289,0.36
TXN_SQUARE_20251008_2290,square,3.99,USD,completed,MERCH_040,2025-10-08 09:45:57.173961,REF_SQUARE_2290,0.42
TXN_SQUARE_20251008_2302,square,19.99,USD,completed,MERCH_002,2025-10-08 09:46:01.394201,REF_SQUARE_2302,0.88
TXN_SQUARE_20251008_2318,square,8.99,USD,completed,MERCH_018,2025-10-08 09:46:01.396015,REF_SQUARE_2318,0.56
TXN_SQUARE_20251008_2323,square,2.99,USD,completed,MERCH_023,2025-10-08 09:46:01.396822,REF_SQUARE_2323,0.39
TXN_SQUARE_20251008_2330,square,2.49,USD,completed,MERCH_030,2025-10-08 09:46:01.397491,REF_SQUARE_2330,0.37
TXN_SQUARE_20251008_2334,square,7.99,USD,completed,MERCH_034,2025-10-08 09:46:01.397848,REF_SQUARE_2334,0.53
TXN_SQUARE_20251008_2343,square,59.99,USD,completed,MERCH_043,2025-10-08 09:46:01.399760,REF_SQUARE_2343,2.04
TXN_SQUARE_20251008_2344,square,29.99,USD,completed,MERCH_044,2025-10-08 09:46:01.399877,REF_SQUARE_2344,1.17
TXN_SQUARE_20251008_2346,square,14.99,USD,completed,MERCH_046,2025-10-08 09:46:01.400071,REF_SQUARE_2346,0.73
TXN_SQUARE_20251008_2356,square,49.99,USD,completed,MERCH_006,2025-10-08 09:46:03.672089,REF_SQUARE_2356,1.75
TXN_SQUARE_20251008_2365,square,799.99,USD,completed,MERCH_015,2025-10-08 09:46:03.672501,REF_SQUARE_2365,23.50
TXN_SQUARE_20251008_2368,square,8.99,USD,completed,MERCH_018,2025-10-08 09:46:03.672591,REF_SQUARE_2368,0.56
TXN_SQUARE_20251008_2372,square,10.99,USD,completed,MERCH_022,2025-10-08 09:46:03.672710,REF_SQUARE_2372,0.62
TXN_SQUARE_20251008_2380,square,2.49,USD,completed,MERCH_030,2025-10-08 09:46:03.673006,REF_SQUARE_2380,0.37
TXN_SQUARE_20251008_2387,square,1.99,USD,completed,MERCH_037,2025-10-08 09:46:03.673338,REF_SQUARE_2387,0.36
TXN_SQUARE_20251008_2390,square,3.99,USD,completed,MERCH_040,2025-10-08 09:46:03.673436,REF_SQUARE_2390,0.42
TXN_SQUARE_20251008_2391,square,2.49,USD,completed,MERCH_041,2025-10-08 09:46:03.673467,REF_SQUARE_2391,0.37
TXN_SQUARE_20251008_2392,square,0.99,USD,completed,MERCH_042,2025-10-08 09:46:03.673498,REF_SQUARE_2392,0.33
TXN_SQUARE_20251008_2396,square,14.99,USD,completed,MERCH_046,2025-10-08 09:46:03.673628,REF_SQUARE_2396,0.73
TXN_SQUARE_20251008_2407,square,129.99,USD,completed,MERCH_007,2025-10-08 09:46:05.323431,REF_SQUARE_2407,4.07
TXN_SQUARE_20251008_2418,square,8.99,USD,completed,MERCH_018,2025-10-08 09:46:05.325023,REF_SQUARE_2418,0.56
TXN_SQUARE_20251008_2429,square,3.99,USD,completed,MERCH_029,2025-10-08 09:46:05.326678,REF_SQUARE_2429,0.42
TXN_SQUARE_20251008_2431,square,0.79,USD,completed,MERCH_031,2025-10-08 09:46:05.326846,REF_SQUARE_2431,0.32
TXN_SQUARE_20251008_2447,square,49.99,USD,completed,MERCH_047,2025-10-08 09:46:05.329162,REF_SQUARE_2447,1.75
TXN_SQUARE_20251008_2457,square,129.99,USD,completed,MERCH_007,2025-10-08 09:46:06.762290,REF_SQUARE_2457,4.07
TXN_SQUARE_20251008_2470,square,4.99,USD,completed,MERCH_020,2025-10-08 09:46:06.763452,REF_SQUARE_2470,0.44
TXN_SQUARE_20251008_2473,square,2.99,USD,completed,MERCH_023,2025-10-08 09:46:06.763666,REF_SQUARE_2473,0.39
TXN_SQUARE_20251008_2475,square,1.29,USD,completed,MERCH_025,2025-10-08 09:46:06.763806,REF_SQUARE_2475,0.34
TXN_SQUARE_20251008_2478,square,5.49,USD,completed,MERCH_028,2025-10-08 09:46:06.764143,REF_SQUARE_2478,0.46
TXN_SQUARE_20251008_2488,square,5.99,USD,completed,MERCH_038,2025-10-08 09:46:06.786177,REF_SQUARE_2488,0.47
TXN_SQUARE_20251008_2492,square,0.99,USD,completed,MERCH_042,2025-10-08 09:46:06.786467,REF_SQUARE_2492,0.33
TXN_SQUARE_20251008_2509,square,69.99,USD,completed,MERCH_009,2025-10-08 09:46:07.983434,REF_SQUARE_2509,2.33
TXN_SQUARE_20251008_2526,square,0.99,USD,completed,MERCH_026,2025-10-08 09:46:08.068599,REF_SQUARE_2526,0.33
TXN_SQUARE_20251008_2527,square,6.99,USD,completed,MERCH_027,2025-10-08 09:46:08.068750,REF_SQUARE_2527,0.50
TXN_SQUARE_20251008_2530,square,2.49,USD,completed,MERCH_030,2025-10-08 09:46:08.068957,REF_SQUARE_2530,0.37
TXN_SQUARE_20251008_2537,square,1.99,USD,completed,MERCH_037,2025-10-08 09:46:08.069400,REF_SQUARE_2537,0.36
TXN_SQUARE_20251008_2540,square,3.99,USD,completed,MERCH_040,2025-10-08 09:46:08.069589,REF_SQUARE_2540,0.42
TXN_SQUARE_20251008_2552,square,19.99,USD,completed,MERCH_002,2025-10-08 09:46:09.177862,REF_SQUARE_2552,0.88
TXN_SQUARE_20251008_2571,square,1.49,USD,completed,MERCH_021,2025-10-08 09:46:09.189130,REF_SQUARE_2571,0.34
TXN_SQUARE_20251008_2577,square,6.99,USD,completed,MERCH_027,2025-10-08 09:46:09.189535,REF_SQUARE_2577,0.50
TXN_SQUARE_20251008_2578,square,5.49,USD,completed,MERCH_028,2025-10-08 09:46:09.189599,REF_SQUARE_2578,0.46
TXN_SQUARE_20251008_2579,square,3.99,USD,completed,MERCH_029,2025-10-08 09:46:09.189663,REF_SQUARE_2579,0.42
TXN_SQUARE_20251008_2582,square,3.49,USD,completed,MERCH_032,2025-10-08 09:46:09.189864,REF_SQUARE_2582,0.40
TXN_SQUARE_20251008_2591,square,2.49,USD,completed,MERCH_041,2025-10-08 09:46:09.190578,REF_SQUARE_2591,0.37
TXN_SQUARE_20251008_2610,square,79.99,USD,completed,MERCH_010,2025-10-08 09:46:10.365979,REF_SQUARE_2610,2.62
TXN_SQUARE_20251008_2616,square,1.99,USD,completed,MERCH_016,2025-10-08 09:46:10.366476,REF_SQUARE_2616,0.36
TXN_SQUARE_20251008_2639,square,1.99,USD,completed,MERCH_039,2025-10-08 09:46:10.379289,REF_SQUARE_2639,0.36
TXN_SQUARE_20251008_2641,square,2.49,USD,completed,MERCH_041,2025-10-08 09:46:10.380504,REF_SQUARE_2641,0.37
TXN_SQUARE_20251008_2645,square,39.99,USD,completed,MERCH_045,2025-10-08 09:46:10.380803,REF_SQUARE_2645,1.46
TXN_SQUARE_20251008_2660,square,79.99,USD,completed,MERCH_010,2025-10-08 09:46:11.604894,REF_SQUARE_2660,2.62
TXN_SQUARE_20251008_2664,square,499.99,USD,completed,MERCH_014,2025-10-08 09:46:11.605294,REF_SQUARE_2664,14.80
TXN_SQUARE_20251008_2673,square,2.99,USD,completed,MERCH_023,2025-10-08 09:46:11.606021,REF_SQUARE_2673,0.39
TXN_SQUARE_20251008_2679,square,3.99,USD,completed,MERCH_029,2025-10-08 09:46:11.606482,REF_SQUARE_2679,0.42
TXN_SQUARE_20251008_2682,square,3.49,USD,completed,MERCH_032,2025-10-08 09:46:11.607157,REF_SQUARE_2682,0.40
TXN_SQUARE_20251008_2684,square,7.99,USD,completed,MERCH_034,2025-10-08 09:46:11.667006,REF_SQUARE_2684,0.53
TXN_SQUARE_20251008_2690,square,3.99,USD,completed,MERCH_040,2025-10-08 09:46:11.667596,REF_SQUARE_2690,0.42
TXN_SQUARE_20251008_2710,square,79.99,USD,completed,MERCH_010,2025-10-08 09:46:11.047968,REF_SQUARE_2710,2.62
TXN_SQUARE_20251008_2728,square,5.49,USD,completed,MERCH_028,2025-10-08 09:46:11.049080,REF_SQUARE_2728,0.46
TXN_SQUARE_20251008_2738,square,5.99,USD,completed,MERCH_038,2025-10-08 09:46:11.049656,REF_SQUARE_2738,0.47
TXN_SQUARE_20251008_2740,square,3.99,USD,completed,MERCH_040,2025-10-08 09:46:11.049772,REF_SQUARE_2740,0.42
TXN_SQUARE_20251008_2750,square,9.99,USD,completed,MERCH_050,2025-10-08 09:46:11.050604,REF_SQUARE_2750,0.59
TXN_SQUARE_20251008_2751,square,9.99,USD,completed,MERCH_001,2025-10-08 09:46:16.600294,REF_SQUARE_2751,0.59
TXN_SQUARE_20251008_2752,square,19.99,USD,completed,MERCH_002,2025-10-08 09:46:16.600391,REF_SQUARE_2752,0.88
TXN_SQUARE_20251008_2753,square,14.99,USD,completed,MERCH_003,2025-10-08 09:46:16.600451,REF_SQUARE_2753,0.73
TXN_SQUARE_20251008_2757,square,129.99,USD,completed,MERCH_007,2025-10-08 09:46:16.600637,REF_SQUARE_2757,4.07
TXN_SQUARE_20251008_2758,square,89.99,USD,completed,MERCH_008,2025-10-08 09:46:16.600715,REF_SQUARE_2758,2.91
TXN_SQUARE_20251008_2765,square,799.99,USD,completed,MERCH_015,2025-10-08 09:46:16.601168,REF_SQUARE_2765,23.50
TXN_SQUARE_20251008_2766,square,1.99,USD,completed,MERCH_016,2025-10-08 09:46:16.601215,REF_SQUARE_2766,0.36
TXN_SQUARE_20251008_2768,square,8.99,USD,completed,MERCH_018,2025-10-08 09:46:16.601304,REF_SQUARE_2768,0.56
TXN_SQUARE_20251008_2771,square,1.49,USD,completed,MERCH_021,2025-10-08 09:46:16.601468,REF_SQUARE_2771,0.34
TXN_SQUARE_20251008_2779,square,3.99,USD,completed,MERCH_029,2025-10-08 09:46:16.601924,REF_SQUARE_2779,0.42
TXN_SQUARE_20251008_2781,square,0.79,USD,completed,MERCH_031,2025-10-08 09:46:16.602013,REF_SQUARE_2781,0.32
TXN_SQUARE_20251008_2782,square,3.49,USD,completed,MERCH_032,2025-10-08 09:46:16.602058,REF_SQUARE_2782,0.40
TXN_SQUARE_20251008_2793,square,59.99,USD,completed,MERCH_043,2025-10-08 09:46:16.602588,REF_SQUARE_2793,2.04
TXN_SQUARE_20251008_2801,square,9.99,USD,completed,MERCH_001,2025-10-08 09:46:17.664664,REF_SQUARE_2801,0.59
TXN_SQUARE_20251008_2828,square,5.49,USD,completed,MERCH_028,2025-10-08 09:46:17.668431,REF_SQUARE_2828,0.46
TXN_SQUARE_20251008_2846,square,14.99,USD,completed,MERCH_046,2025-10-08 09:46:17.670387,REF_SQUARE_2846,0.73
TXN_SQUARE_20251008_2869,square,9.99,USD,completed,MERCH_019,2025-10-08 09:46:18.517269,REF_SQUARE_2869,0.59
TXN_SQUARE_20251008_2871,square,1.49,USD,completed,MERCH_021,2025-10-08 09:46:18.517327,REF_SQUARE_2871,0.34
TXN_SQUARE_20251008_2877,square,6.99,USD,completed,MERCH_027,2025-10-08 09:46:18.517545,REF_SQUARE_2877,0.50
TXN_SQUARE_20251008_2880,square,2.49,USD,completed,MERCH_030,2025-10-08 09:46:18.517731,REF_SQUARE_2880,0.37
TXN_SQUARE_20251008_2881,square,0.79,USD,completed,MERCH_031,2025-10-08 09:46:18.517763,REF_SQUARE_2881,0.32
TXN_SQUARE_20251008_2883,square,4.99,USD,completed,MERCH_033,2025-10-08 09:46:18.517821,REF_SQUARE_2883,0.44
TXN_SQUARE_20251008_2890,square,3.99,USD,completed,MERCH_040,2025-10-08 09:46:18.518036,REF_SQUARE_2890,0.42
TXN_SQUARE_20251008_2908,square,89.99,USD,completed,MERCH_008,2025-10-08 09:46:19.393462,REF_SQUARE_2908,2.91
TXN_SQUARE_20251008_2925,square,1.29,USD,completed,MERCH_025,2025-10-08 09:46:19.397238,REF_SQUARE_2925,0.34
TXN_SQUARE_20251008_2950,square,9.99,USD,completed,MERCH_050,2025-10-08 09:46:19.402981,REF_SQUARE_2950,0.59
TXN_SQUARE_20251008_2956,square,49.99,USD,completed,MERCH_006,2025-10-08 09:46:20.202914,REF_SQUARE_2956,1.75
TXN_SQUARE_20251008_2965,square,799.99,USD,completed,MERCH_015,2025-10-08 09:46:20.203477,REF_SQUARE_2965,23.50
TXN_SQUARE_20251008_2971,square,1.49,USD,completed,MERCH_021,2025-10-08 09:46:20.204003,REF_SQUARE_2971,0.34
TXN_SQUARE_20251008_2974,square,14.99,USD,completed,MERCH_024,2025-10-08 09:46:20.204190,REF_SQUARE_2974,0.73
TXN_SQUARE_20251008_2985,square,2.29,USD,completed,MERCH_035,2025-10-08 09:46:20.209751,REF_SQUARE_2985,0.37
TXN_SQUARE_20251008_2987,square,1.99,USD,completed,MERCH_037,2025-10-08 09:46:20.209858,REF_SQUARE_2987,0.36
TXN_SQUARE_20251008_2989,square,1.99,USD,completed,MERCH_039,2025-10-08 09:46:20.209963,REF_SQUARE_2989,0.36
TXN_SQUARE_20251008_2990,square,3.99,USD,completed,MERCH_040,2025-10-08 09:46:20.210014,REF_SQUARE_2990,0.42
TXN_SQUARE_20251008_2991,square,2.49,USD,completed,MERCH_041,2025-10-08 09:46:20.210065,REF_SQUARE_2991,0.37
TXN_SQUARE_20251008_2994,square,29.99,USD,completed,MERCH_044,2025-10-08 09:46:20.210222,REF_SQUARE_2994,1.17
TXN_SQUARE_20251008_2996,square,14.99,USD,completed,MERCH_046,2025-10-08 09:46:20.210327,REF_SQUARE_2996,0.73
TXN_SQUARE_20251008_3001,square,9.99,USD,completed,MERCH_001,2025-10-08 09:46:20.968908,REF_SQUARE_3001,0.59
TXN_SQUARE_20251008_3004,square,12.99,USD,completed,MERCH_004,2025-10-08 09:46:20.969302,REF_SQUARE_3004,0.68
TXN_SQUARE_20251008_3013,square,299.99,USD,completed,MERCH_013,2025-10-08 09:46:20.969787,REF_SQUARE_3013,9.00
TXN_SQUARE_20251008_3017,square,12.99,USD,completed,MERCH_017,2025-10-08 09:46:20.969985,REF_SQUARE_3017,0.68
TXN_SQUARE_20251008_3027,square,6.99,USD,completed,MERCH_027,2025-10-08 09:46:20.970444,REF_SQUARE_3027,0.50
TXN_SQUARE_20251008_3031,square,0.79,USD,completed,MERCH_031,2025-10-08 09:46:20.970664,REF_SQUARE_3031,0.32
TXN_SQUARE_20251008_3033,square,4.99,USD,completed,MERCH_033,2025-10-08 09:46:20.970757,REF_SQUARE_3033,0.44
TXN_SQUARE_20251008_3038,square,5.99,USD,completed,MERCH_038,2025-10-08 09:46:20.978811,REF_SQUARE_3038,0.47
TXN_SQUARE_20251008_3067,square,12.99,USD,completed,MERCH_017,2025-10-08 09:46:21.793211,REF_SQUARE_3067,0.68
TXN_SQUARE_20251008_3070,square,4.99,USD,completed,MERCH_020,2025-10-08 09:46:21.794437,REF_SQUARE_3070,0.44
TXN_SQUARE_20251008_3074,square,14.99,USD,completed,MERCH_024,2025-10-08 09:46:21.794687,REF_SQUARE_3074,0.73
TXN_SQUARE_20251008_3076,square,0.99,USD,completed,MERCH_026,2025-10-08 09:46:21.794810,REF_SQUARE_3076,0.33
TXN_SQUARE_20251008_3077,square,6.99,USD,completed,MERCH_027,2025-10-08 09:46:21.794869,REF_SQUARE_3077,0.50
TXN_SQUARE_20251008_3084,square,7.99,USD,completed,MERCH_034,2025-10-08 09:46:21.795398,REF_SQUARE_3084,0.53
TXN_SQUARE_20251008_3127,square,6.99,USD,completed,MERCH_027,2025-10-08 09:46:22.696663,REF_SQUARE_3127,0.50
TXN_SQUARE_20251008_3130,square,2.49,USD,completed,MERCH_030,2025-10-08 09:46:22.696844,REF_SQUARE_3130,0.37
TXN_SQUARE_20251008_3132,square,3.49,USD,completed,MERCH_032,2025-10-08 09:46:22.696961,REF_SQUARE_3132,0.40
TXN_SQUARE_20251008_3133,square,4.99,USD,completed,MERCH_033,2025-10-08 09:46:22.697020,REF_SQUARE_3133,0.44
TXN_SQUARE_20251008_3159,square,69.99,USD,completed,MERCH_009,2025-10-08 09:46:23.852172,REF_SQUARE_3159,2.33
TXN_SQUARE_20251008_3161,square,1899.99,USD,completed,MERCH_011,2025-10-08 09:46:23.852286,REF_SQUARE_3161,55.40
TXN_SQUARE_20251008_3164,square,499.99,USD,completed,MERCH_014,2025-10-08 09:46:23.852559,REF_SQUARE_3164,14.80
TXN_SQUARE_20251008_3169,square,9.99,USD,completed,MERCH_019,2025-10-08 09:46:23.852847,REF_SQUARE_3169,0.59
TXN_SQUARE_20251008_3172,square,10.99,USD,completed,MERCH_022,2025-10-08 09:46:23.853019,REF_SQUARE_3172,0.62
TXN_SQUARE_20251008_3174,square,14.99,USD,completed,MERCH_024,2025-10-08 09:46:23.855641,REF_SQUARE_3174,0.73
TXN_SQUARE_20251008_3179,square,3.99,USD,completed,MERCH_029,2025-10-08 09:46:23.856188,REF_SQUARE_3179,0.42
TXN_SQUARE_20251008_3183,square,4.99,USD,completed,MERCH_033,2025-10-08 09:46:23.856415,REF_SQUARE_3183,0.44
TXN_SQUARE_20251008_3193,square,59.99,USD,completed,MERCH_043,2025-10-08 09:46:23.856979,REF_SQUARE_3193,2.04
TXN_SQUARE_20251008_3195,square,39.99,USD,completed,MERCH_045,2025-10-08 09:46:23.857091,REF_SQUARE_3195,1.46
TXN_SQUARE_20251008_3202,square,19.99,USD,completed,MERCH_002,2025-10-08 09:46:24.661182,REF_SQUARE_3202,0.88
TXN_SQUARE_20251008_3226,square,0.99,USD,completed,MERCH_026,2025-10-08 09:46:24.663341,REF_SQUARE_3226,0.33
TXN_SQUARE_20251008_3227,square,6.99,USD,completed,MERCH_027,2025-10-08 09:46:24.663398,REF_SQUARE_3227,0.50
TXN_SQUARE_20251008_3243,square,59.99,USD,completed,MERCH_043,2025-10-08 09:46:24.665612,REF_SQUARE_3243,2.04
TXN_SQUARE_20251008_3248,square,7.99,USD,completed,MERCH_048,2025-10-08 09:46:24.665989,REF_SQUARE_3248,0.53
TXN_SQUARE_20251008_3286,square,19.99,USD,completed,MERCH_036,2025-10-08 09:46:25.491981,REF_SQUARE_3286,0.88
TXN_SQUARE_20251008_3287,square,1.99,USD,completed,MERCH_037,2025-10-08 09:46:25.492181,REF_SQUARE_3287,0.36
TXN_SQUARE_20251008_3293,square,59.99,USD,completed,MERCH_043,2025-10-08 09:46:25.495008,REF_SQUARE_3293,2.04
TXN_SQUARE_20251008_3294,square,29.99,USD,completed,MERCH_044,2025-10-08 09:46:25.495216,REF_SQUARE_3294,1.17
TXN_SQUARE_20251008_3297,square,49.99,USD,completed,MERCH_047,2025-10-08 09:46:25.495772,REF_SQUARE_3297,1.75
TXN_SQUARE_20251008_3299,square,5.99,USD,completed,MERCH_049,2025-10-08 09:46:25.496081,REF_SQUARE_3299,0.47
TXN_SQUARE_20251008_3317,square,12.99,USD,completed,MERCH_017,2025-10-08 09:46:26.266591,REF_SQUARE_3317,0.68
TXN_SQUARE_20251008_3324,square,14.99,USD,completed,MERCH_024,2025-10-08 09:46:26.267085,REF_SQUARE_3324,0.73
TXN_SQUARE_20251008_3337,square,1.99,USD,completed,MERCH_037,2025-10-08 09:46:26.268174,REF_SQUARE_3337,0.36
TXN_SQUARE_20251008_3340,square,3.99,USD,completed,MERCH_040,2025-10-08 09:46:26.268393,REF_SQUARE_3340,0.42
TXN_SQUARE_20251008_3346,square,14.99,USD,completed,MERCH_046,2025-10-08 09:46:26.268666,REF_SQUARE_3346,0.73
TXN_SQUARE_20251008_3350,square,9.99,USD,completed,MERCH_050,2025-10-08 09:46:26.268945,REF_SQUARE_3350,0.59
TXN_SQUARE_20251008_3352,square,19.99,USD,completed,MERCH_002,2025-10-08 09:46:26.978608,REF_SQUARE_3352,0.88
TXN_SQUARE_20251008_3355,square,8.99,USD,completed,MERCH_005,2025-10-08 09:46:26.978881,REF_SQUARE_3355,0.56
TXN_SQUARE_20251008_3375,square,1.29,USD,completed,MERCH_025,2025-10-08 09:46:26.982979,REF_SQUARE_3375,0.34
TXN_SQUARE_20251008_3383,square,4.99,USD,completed,MERCH_033,2025-10-08 09:46:26.984995,REF_SQUARE_3383,0.44
TXN_SQUARE_20251008_3385,square,2.29,USD,completed,MERCH_035,2025-10-08 09:46:26.985140,REF_SQUARE_3385,0.37
TXN_SQUARE_20251008_3388,square,5.99,USD,completed,MERCH_038,2025-10-08 09:46:26.985350,REF_SQUARE_3388,0.47
TXN_SQUARE_20251008_3390,square,3.99,USD,completed,MERCH_040,2025-10-08 09:46:26.985645,REF_SQUARE_3390,0.42
TXN_SQUARE_20251008_3396,square,14.99,USD,completed,MERCH_046,2025-10-08 09:46:26.986073,REF_SQUARE_3396,0.73
TXN_SQUARE_20251008_3417,square,12.99,USD,completed,MERCH_017,2025-10-08 09:46:27.791732,REF_SQUARE_3417,0.68
TXN_SQUARE_20251008_3431,square,0.79,USD,completed,MERCH_031,2025-10-08 09:46:27.794031,REF_SQUARE_3431,0.32
TXN_SQUARE_20251008_3432,square,3.49,USD,completed,MERCH_032,2025-10-08 09:46:27.794235,REF_SQUARE_3432,0.40
TXN_SQUARE_20251008_3436,square,19.99,USD,completed,MERCH_036,2025-10-08 09:46:27.794629,REF_SQUARE_3436,0.88
TXN_SQUARE_20251008_3439,square,1.99,USD,completed,MERCH_039,2025-10-08 09:46:27.794864,REF_SQUARE_3439,0.36
TXN_SQUARE_20251008_3441,square,2.49,USD,completed,MERCH_041,2025-10-08 09:46:27.795028,REF_SQUARE_3441,0.37
TXN_SQUARE_20251008_3444,square,29.99,USD,completed,MERCH_044,2025-10-08 09:46:27.795827,REF_SQUARE_3444,1.17
TXN_SQUARE_20251008_3462,square,2499.99,USD,completed,MERCH_012,2025-10-08 09:46:28.483221,REF_SQUARE_3462,72.80
TXN_SQUARE_20251008_3467,square,12.99,USD,completed,MERCH_017,2025-10-08 09:46:28.483615,REF_SQUARE_3467,0.68
TXN_SQUARE_20251008_3476,square,0.99,USD,completed,MERCH_026,2025-10-08 09:46:28.484214,REF_SQUARE_3476,0.33
TXN_SQUARE_20251008_3477,square,6.99,USD,completed,MERCH_027,2025-10-08 09:46:28.484255,REF_SQUARE_3477,0.50
TXN_SQUARE_20251008_3486,square,19.99,USD,completed,MERCH_036,2025-10-08 09:46:28.484637,REF_SQUARE_3486,0.88
TXN_SQUARE_20251008_3495,square,39.99,USD,completed,MERCH_045,2025-10-08 09:46:28.485002,REF_SQUARE_3495,1.46
TXN_SQUARE_20251008_3499,square,5.99,USD,completed,MERCH_049,2025-10-08 09:46:28.485157,REF_SQUARE_3499,0.47
TXN_SQUARE_20251008_3508,square,89.99,USD,completed,MERCH_008,2025-10-08 09:46:29.174730,REF_SQUARE_3508,2.91
TXN_SQUARE_20251008_3509,square,69.99,USD,completed,MERCH_009,2025-10-08 09:46:29.174763,REF_SQUARE_3509,2.33
TXN_SQUARE_20251008_3512,square,2499.99,USD,completed,MERCH_012,2025-10-08 09:46:29.174858,REF_SQUARE_3512,72.80
TXN_SQUARE_20251008_3532,square,3.49,USD,completed,MERCH_032,2025-10-08 09:46:29.177940,REF_SQUARE_3532,0.40
TXN_SQUARE_20251008_3533,square,4.99,USD,completed,MERCH_033,2025-10-08 09:46:29.177969,REF_SQUARE_3533,0.44
TXN_SQUARE_20251008_3541,square,2.49,USD,completed,MERCH_041,2025-10-08 09:46:29.178207,REF_SQUARE_3541,0.37
TXN_SQUARE_20251008_3543,square,59.99,USD,completed,MERCH_043,2025-10-08 09:46:29.178270,REF_SQUARE_3543,2.04
TXN_SQUARE_20251008_3544,square,29.99,USD,completed,MERCH_044,2025-10-08 09:46:29.178300,REF_SQUARE_3544,1.17
TXN_SQUARE_20251008_3554,square,12.99,USD,completed,MERCH_004,2025-10-08 09:46:29.918718,REF_SQUARE_3554,0.68
TXN_SQUARE_20251008_3555,square,8.99,USD,completed,MERCH_005,2025-10-08 09:46:29.918747,REF_SQUARE_3555,0.56
TXN_SQUARE_20251008_3561,square,1899.99,USD,completed,MERCH_011,2025-10-08 09:46:29.918930,REF_SQUARE_3561,55.40
TXN_SQUARE_20251008_3573,square,2.99,USD,completed,MERCH_023,2025-10-08 09:46:29.919644,REF_SQUARE_3573,0.39
TXN_SQUARE_20251008_3582,square,3.49,USD,completed,MERCH_032,2025-10-08 09:46:29.920042,REF_SQUARE_3582,0.40
TXN_SQUARE_20251008_3583,square,4.99,USD,completed,MERCH_033,2025-10-08 09:46:29.920073,REF_SQUARE_3583,0.44
TXN_SQUARE_20251008_3587,square,1.99,USD,completed,MERCH_037,2025-10-08 09:46:29.920229,REF_SQUARE_3587,0.36
TXN_SQUARE_20251008_3592,square,0.99,USD,completed,MERCH_042,2025-10-08 09:46:29.920381,REF_SQUARE_3592,0.33
TXN_SQUARE_20251008_3597,square,49.99,USD,completed,MERCH_047,2025-10-08 09:46:29.920705,REF_SQUARE_3597,1.75
TXN_SQUARE_20251008_3602,square,19.99,USD,completed,MERCH_002,2025-10-08 09:46:31.084070,REF_SQUARE_3602,0.88
TXN_SQUARE_20251008_3606,square,49.99,USD,completed,MERCH_006,2025-10-08 09:46:31.084197,REF_SQUARE_3606,1.75
TXN_SQUARE_20251008_3610,square,79.99,USD,completed,MERCH_010,2025-10-08 09:46:31.084590,REF_SQUARE_3610,2.62
TXN_SQUARE_20251008_3623,square,2.99,USD,completed,MERCH_023,2025-10-08 09:46:31.084998,REF_SQUARE_3623,0.39
TXN_SQUARE_20251008_3625,square,1.29,USD,completed,MERCH_025,2025-10-08 09:46:31.085057,REF_SQUARE_3625,0.34
TXN_SQUARE_20251008_3630,square,2.49,USD,completed,MERCH_030,2025-10-08 09:46:31.085207,REF_SQUARE_3630,0.37
TXN_SQUARE_20251008_3636,square,19.99,USD,completed,MERCH_036,2025-10-08 09:46:31.085383,REF_SQUARE_3636,0.88
TXN_SQUARE_20251008_3642,square,0.99,USD,completed,MERCH_042,2025-10-08 09:46:31.085559,REF_SQUARE_3642,0.33
TXN_SQUARE_20251008_3648,square,7.99,USD,completed,MERCH_048,2025-10-08 09:46:31.085735,REF_SQUARE_3648,0.53
TXN_SQUARE_20251008_3684,square,7.99,USD,completed,MERCH_034,2025-10-08 09:46:31.825406,REF_SQUARE_3684,0.53
TXN_SQUARE_20251008_3694,square,29.99,USD,completed,MERCH_044,2025-10-08 09:46:31.825837,REF_SQUARE_3694,1.17
TXN_SQUARE_20251008_3700,square,9.99,USD,completed,MERCH_050,2025-10-08 09:46:31.826107,REF_SQUARE_3700,0.59
TXN_SQUARE_20251008_3703,square,14.99,USD,completed,MERCH_003,2025-10-08 09:46:32.495815,REF_SQUARE_3703,0.73
TXN_SQUARE_20251008_3705,square,8.99,USD,completed,MERCH_005,2025-10-08 09:46:32.496102,REF_SQUARE_3705,0.56
TXN_SQUARE_20251008_3709,square,69.99,USD,completed,MERCH_009,2025-10-08 09:46:32.496386,REF_SQUARE_3709,2.33
TXN_SQUARE_20251008_3720,square,4.99,USD,completed,MERCH_020,2025-10-08 09:46:32.497158,REF_SQUARE_3720,0.44
TXN_SQUARE_20251008_3728,square,5.49,USD,completed,MERCH_028,2025-10-08 09:46:32.497633,REF_SQUARE_3728,0.46
TXN_SQUARE_20251008_3737,square,1.99,USD,completed,MERCH_037,2025-10-08 09:46:32.498217,REF_SQUARE_3737,0.36
TXN_SQUARE_20251008_3738,square,5.99,USD,completed,MERCH_038,2025-10-08 09:46:32.498290,REF_SQUARE_3738,0.47
TXN_SQUARE_20251008_3739,square,1.99,USD,completed,MERCH_039,2025-10-08 09:46:32.498435,REF_SQUARE_3739,0.36
TXN_SQUARE_20251008_3743,square,59.99,USD,completed,MERCH_043,2025-10-08 09:46:32.498789,REF_SQUARE_3743,2.04
TXN_SQUARE_20251008_3748,square,7.99,USD,completed,MERCH_048,2025-10-08 09:46:32.499132,REF_SQUARE_3748,0.53
TXN_SQUARE_20251008_3762,square,2499.99,USD,completed,MERCH_012,2025-10-08 09:46:33.169273,REF_SQUARE_3762,72.80
TXN_SQUARE_20251008_3764,square,499.99,USD,completed,MERCH_014,2025-10-08 09:46:33.169381,REF_SQUARE_3764,14.80
TXN_SQUARE_20251008_3783,square,4.99,USD,completed,MERCH_033,2025-10-08 09:46:33.170516,REF_SQUARE_3783,0.44
TXN_SQUARE_20251008_3793,square,59.99,USD,completed,MERCH_043,2025-10-08 09:46:33.171019,REF_SQUARE_3793,2.04
TXN_SQUARE_20251008_3806,square,49.99,USD,completed,MERCH_006,2025-10-08 09:46:33.830638,REF_SQUARE_3806,1.75
TXN_SQUARE_20251008_3807,square,129.99,USD,completed,MERCH_007,2025-10-08 09:46:33.830693,REF_SQUARE_3807,4.07
TXN_SQUARE_20251008_3818,square,8.99,USD,completed,MERCH_018,2025-10-08 09:46:33.831289,REF_SQUARE_3818,0.56
TXN_SQUARE_20251008_3823,square,2.99,USD,completed,MERCH_023,2025-10-08 09:46:33.831555,REF_SQUARE_3823,0.39
TXN_SQUARE_20251008_3843,square,59.99,USD,completed,MERCH_043,2025-10-08 09:46:33.833189,REF_SQUARE_3843,2.04
TXN_SQUARE_20251008_3844,square,29.99,USD,completed,MERCH_044,2025-10-08 09:46:33.833244,REF_SQUARE_3844,1.17
TXN_SQUARE_20251008_3845,square,39.99,USD,completed,MERCH_045,2025-10-08 09:46:33.833356,REF_SQUARE_3845,1.46
TXN_SQUARE_20251008_3848,square,7.99,USD,completed,MERCH_048,2025-10-08 09:46:33.833737,REF_SQUARE_3848,0.53
TXN_SQUARE_20251008_3849,square,5.99,USD,completed,MERCH_049,2025-10-08 09:46:33.833790,REF_SQUARE_3849,0.47
TXN_SQUARE_20251008_3853,square,14.99,USD,completed,MERCH_003,2025-10-08 09:46:36.296739,REF_SQUARE_3853,0.73
TXN_SQUARE_20251008_3857,square,129.99,USD,completed,MERCH_007,2025-10-08 09:46:36.296949,REF_SQUARE_3857,4.07
TXN_SQUARE_20251008_3863,square,299.99,USD,completed,MERCH_013,2025-10-08 09:46:36.297245,REF_SQUARE_3863,9.00
TXN_SQUARE_20251008_3879,square,3.99,USD,completed,MERCH_029,2025-10-08 09:46:36.298039,REF_SQUARE_3879,0.42
TXN_SQUARE_20251008_3896,square,14.99,USD,completed,MERCH_046,2025-10-08 09:46:36.299783,REF_SQUARE_3896,0.73
TXN_SQUARE_20251008_3900,square,9.99,USD,completed,MERCH_050,2025-10-08 09:46:36.300281,REF_SQUARE_3900,0.59
TXN_SQUARE_20251008_3906,square,49.99,USD,completed,MERCH_006,2025-10-08 09:46:36.977709,REF_SQUARE_3906,1.75
TXN_SQUARE_20251008_3913,square,299.99,USD,completed,MERCH_013,2025-10-08 09:46:36.979041,REF_SQUARE_3913,9.00
TXN_SQUARE_20251008_3925,square,1.29,USD,completed,MERCH_025,2025-10-08 09:46:36.982072,REF_SQUARE_3925,0.34
TXN_SQUARE_20251008_3932,square,3.49,USD,completed,MERCH_032,2025-10-08 09:46:36.982602,REF_SQUARE_3932,0.40
TXN_SQUARE_20251008_3936,square,19.99,USD,completed,MERCH_036,2025-10-08 09:46:36.984084,REF_SQUARE_3936,0.88
TXN_SQUARE_20251008_3947,square,49.99,USD,completed,MERCH_047,2025-10-08 09:46:36.984783,REF_SQUARE_3947,1.75
TXN_SQUARE_20251008_3963,square,299.99,USD,completed,MERCH_013,2025-10-08 09:46:37.650048,REF_SQUARE_3963,9.00
TXN_SQUARE_20251008_3984,square,7.99,USD,completed,MERCH_034,2025-10-08 09:46:37.658476,REF_SQUARE_3984,0.53
TXN_SQUARE_20251008_4006,square,49.99,USD,completed,MERCH_006,2025-10-08 09:46:38.307441,REF_SQUARE_4006,1.75
TXN_SQUARE_20251008_4022,square,10.99,USD,completed,MERCH_022,2025-10-08 09:46:38.308673,REF_SQUARE_4022,0.62
TXN_SQUARE_20251008_4025,square,1.29,USD,completed,MERCH_025,2025-10-08 09:46:38.308921,REF_SQUARE_4025,0.34
TXN_SQUARE_20251008_4035,square,2.29,USD,completed,MERCH_035,2025-10-08 09:46:38.319189,REF_SQUARE_4035,0.37
TXN_SQUARE_20251008_4041,square,2.49,USD,completed,MERCH_041,2025-10-08 09:46:38.319574,REF_SQUARE_4041,0.37
TXN_SQUARE_20251008_4046,square,14.99,USD,completed,MERCH_046,2025-10-08 09:46:38.320186,REF_SQUARE_4046,0.73
TXN_SQUARE_20251008_4054,square,12.99,USD,completed,MERCH_004,2025-10-08 09:46:38.959181,REF_SQUARE_4054,0.68
TXN_SQUARE_20251008_4059,square,69.99,USD,completed,MERCH_009,2025-10-08 09:46:38.961953,REF_SQUARE_4059,2.33
TXN_SQUARE_20251008_4060,square,79.99,USD,completed,MERCH_010,2025-10-08 09:46:38.964679,REF_SQUARE_4060,2.62
TXN_SQUARE_20251008_4075,square,1.29,USD,completed,MERCH_025,2025-10-08 09:46:38.966075,REF_SQUARE_4075,0.34
TXN_SQUARE_20251008_4084,square,7.99,USD,completed,MERCH_034,2025-10-08 09:46:38.966662,REF_SQUARE_4084,0.53
TXN_SQUARE_20251008_4089,square,1.99,USD,completed,MERCH_039,2025-10-08 09:46:38.966971,REF_SQUARE_4089,0.36
TXN_SQUARE_20251008_4092,square,0.99,USD,completed,MERCH_042,2025-10-08 09:46:38.967155,REF_SQUARE_4092,0.33
TXN_SQUARE_20251008_4093,square,59.99,USD,completed,MERCH_043,2025-10-08 09:46:38.967354,REF_SQUARE_4093,2.04
TXN_SQUARE_20251008_4107,square,129.99,USD,completed,MERCH_007,2025-10-08 09:46:39.584343,REF_SQUARE_4107,4.07
TXN_SQUARE_20251008_4111,square,1899.99,USD,completed,MERCH_011,2025-10-08 09:46:39.584746,REF_SQUARE_4111,55.40
TXN_SQUARE_20251008_4118,square,8.99,USD,completed,MERCH_018,2025-10-08 09:46:39.585312,REF_SQUARE_4118,0.56
TXN_SQUARE_20251008_4122,square,10.99,USD,completed,MERCH_022,2025-10-08 09:46:39.585711,REF_SQUARE_4122,0.62
TXN_SQUARE_20251008_4123,square,2.99,USD,completed,MERCH_023,2025-10-08 09:46:39.585786,REF_SQUARE_4123,0.39
TXN_SQUARE_20251008_4130,square,2.49,USD,completed,MERCH_030,2025-10-08 09:46:39.586483,REF_SQUARE_4130,0.37
TXN_SQUARE_20251008_4141,square,2.49,USD,completed,MERCH_041,2025-10-08 09:46:39.587368,REF_SQUARE_4141,0.37
TXN_SQUARE_20251008_4146,square,14.99,USD,completed,MERCH_046,2025-10-08 09:46:39.587731,REF_SQUARE_4146,0.73
TXN_SQUARE_20251008_4152,square,19.99,USD,completed,MERCH_002,2025-10-08 09:46:40.218916,REF_SQUARE_4152,0.88
TXN_SQUARE_20251008_4162,square,2499.99,USD,completed,MERCH_012,2025-10-08 09:46:40.219520,REF_SQUARE_4162,72.80
TXN_SQUARE_20251008_4168,square,8.99,USD,completed,MERCH_018,2025-10-08 09:46:40.219891,REF_SQUARE_4168,0.56
TXN_SQUARE_20251008_4171,square,1.49,USD,completed,MERCH_021,2025-10-08 09:46:40.220116,REF_SQUARE_4171,0.34
TXN_SQUARE_20251008_4182,square,3.49,USD,completed,MERCH_032,2025-10-08 09:46:40.220850,REF_SQUARE_4182,0.40
TXN_SQUARE_20251008_4186,square,19.99,USD,completed,MERCH_036,2025-10-08 09:46:40.221076,REF_SQUARE_4186,0.88
TXN_SQUARE_20251008_4202,square,19.99,USD,completed,MERCH_002,2025-10-08 09:46:40.844288,REF_SQUARE_4202,0.88
TXN_SQUARE_20251008_4204,square,12.99,USD,completed,MERCH_004,2025-10-08 09:46:40.844419,REF_SQUARE_4204,0.68
TXN_SQUARE_20251008_4211,square,1899.99,USD,completed,MERCH_011,2025-10-08 09:46:40.845230,REF_SQUARE_4211,55.40
TXN_SQUARE_20251008_4217,square,12.99,USD,completed,MERCH_017,2025-10-08 09:46:40.845585,REF_SQUARE_4217,0.68
TXN_SQUARE_20251008_4218,square,8.99,USD,completed,MERCH_018,2025-10-08 09:46:40.845641,REF_SQUARE_4218,0.56
TXN_SQUARE_20251008_4220,square,4.99,USD,completed,MERCH_020,2025-10-08 09:46:40.845754,REF_SQUARE_4220,0.44
TXN_SQUARE_20251008_4221,square,1.49,USD,completed,MERCH_021,2025-10-08 09:46:40.845811,REF_SQUARE_4221,0.34
TXN_SQUARE_20251008_4241,square,2.49,USD,completed,MERCH_041,2025-10-08 09:46:40.847009,REF_SQUARE_4241,0.37
TXN_SQUARE_20251008_4244,square,29.99,USD,completed,MERCH_044,2025-10-08 09:46:40.847199,REF_SQUARE_4244,1.17
TXN_SQUARE_20251008_4248,square,7.99,USD,completed,MERCH_048,2025-10-08 09:46:40.847417,REF_SQUARE_4248,0.53
TXN_SQUARE_20251008_4262,square,2499.99,USD,completed,MERCH_012,2025-10-08 09:46:41.474135,REF_SQUARE_4262,72.80
TXN_SQUARE_20251008_4266,square,1.99,USD,completed,MERCH_016,2025-10-08 09:46:41.474586,REF_SQUARE_4266,0.36
TXN_SQUARE_20251008_4276,square,0.99,USD,completed,MERCH_026,2025-10-08 09:46:41.477277,REF_SQUARE_4276,0.33
TXN_SQUARE_20251008_4281,square,0.79,USD,completed,MERCH_031,2025-10-08 09:46:41.477713,REF_SQUARE_4281,0.32
TXN_SQUARE_20251008_4289,square,1.99,USD,completed,MERCH_039,2025-10-08 09:46:41.478188,REF_SQUARE_4289,0.36
TXN_SQUARE_20251008_4303,square,14.99,USD,completed,MERCH_003,2025-10-08 09:46:42.100702,REF_SQUARE_4303,0.73
TXN_SQUARE_20251008_4306,square,49.99,USD,completed,MERCH_006,2025-10-08 09:46:42.100922,REF_SQUARE_4306,1.75
TXN_SQUARE_20251008_4308,square,89.99,USD,completed,MERCH_008,2025-10-08 09:46:42.101042,REF_SQUARE_4308,2.91
TXN_SQUARE_20251008_4311,square,1899.99,USD,completed,MERCH_011,2025-10-08 09:46:42.101271,REF_SQUARE_4311,55.40
TXN_SQUARE_20251008_4317,square,12.99,USD,completed,MERCH_017,2025-10-08 09:46:42.101679,REF_SQUARE_4317,0.68
TXN_SQUARE_20251008_4329,square,3.99,USD,completed,MERCH_029,2025-10-08 09:46:42.102681,REF_SQUARE_4329,0.42
TXN_SQUARE_20251008_4342,square,0.99,USD,completed,MERCH_042,2025-10-08 09:46:42.103502,REF_SQUARE_4342,0.33
TXN_SQUARE_20251008_4347,square,49.99,USD,completed,MERCH_047,2025-10-08 09:46:42.104938,REF_SQUARE_4347,1.75
TXN_SQUARE_20251008_4352,square,19.99,USD,completed,MERCH_002,2025-10-08 09:46:42.763526,REF_SQUARE_4352,0.88
TXN_SQUARE_20251008_4357,square,129.99,USD,completed,MERCH_007,2025-10-08 09:46:42.764223,REF_SQUARE_4357,4.07
TXN_SQUARE_20251008_4364,square,499.99,USD,completed,MERCH_014,2025-10-08 09:46:42.764871,REF_SQUARE_4364,14.80
TXN_SQUARE_20251008_4366,square,1.99,USD,completed,MERCH_016,2025-10-08 09:46:42.765038,REF_SQUARE_4366,0.36
TXN_SQUARE_20251008_4372,square,10.99,USD,completed,MERCH_022,2025-10-08 09:46:42.765748,REF_SQUARE_4372,0.62
TXN_SQUARE_20251008_4377,square,6.99,USD,completed,MERCH_027,2025-10-08 09:46:42.766160,REF_SQUARE_4377,0.50
TXN_SQUARE_20251008_4386,square,19.99,USD,completed,MERCH_036,2025-10-08 09:46:42.766908,REF_SQUARE_4386,0.88
TXN_SQUARE_20251008_4416,square,1.99,USD,completed,MERCH_016,2025-10-08 09:46:43.336246,REF_SQUARE_4416,0.36
TXN_SQUARE_20251008_4418,square,8.99,USD,completed,MERCH_018,2025-10-08 09:46:43.336315,REF_SQUARE_4418,0.56
TXN_SQUARE_20251008_4433,square,4.99,USD,completed,MERCH_033,2025-10-08 09:46:43.338090,REF_SQUARE_4433,0.44
TXN_SQUARE_20251008_4437,square,1.99,USD,completed,MERCH_037,2025-10-08 09:46:43.338226,REF_SQUARE_4437,0.36
TXN_SQUARE_20251008_4438,square,5.99,USD,completed,MERCH_038,2025-10-08 09:46:43.338258,REF_SQUARE_4438,0.47
TXN_SQUARE_20251008_4444,square,29.99,USD,completed,MERCH_044,2025-10-08 09:46:43.338711,REF_SQUARE_4444,1.17
TXN_SQUARE_20251008_4448,square,7.99,USD,completed,MERCH_048,2025-10-08 09:46:43.338987,REF_SQUARE_4448,0.53
TXN_SQUARE_20251008_4456,square,49.99,USD,completed,MERCH_006,2025-10-08 09:46:43.940454,REF_SQUARE_4456,1.75
TXN_SQUARE_20251008_4471,square,1.49,USD,completed,MERCH_021,2025-10-08 09:46:43.941401,REF_SQUARE_4471,0.34
TXN_SQUARE_20251008_4478,square,5.49,USD,completed,MERCH_028,2025-10-08 09:46:43.941821,REF_SQUARE_4478,0.46
TXN_SQUARE_20251008_4483,square,4.99,USD,completed,MERCH_033,2025-10-08 09:46:43.942155,REF_SQUARE_4483,0.44
TXN_SQUARE_20251008_4485,square,2.29,USD,completed,MERCH_035,2025-10-08 09:46:43.942280,REF_SQUARE_4485,0.37
TXN_SQUARE_20251008_4494,square,29.99,USD,completed,MERCH_044,2025-10-08 09:46:43.942769,REF_SQUARE_4494,1.17
TXN_SQUARE_20251008_4517,square,12.99,USD,completed,MERCH_017,2025-10-08 09:46:44.540036,REF_SQUARE_4517,0.68
TXN_SQUARE_20251008_4531,square,0.79,USD,completed,MERCH_031,2025-10-08 09:46:44.542216,REF_SQUARE_4531,0.32
TXN_SQUARE_20251008_4535,square,2.29,USD,completed,MERCH_035,2025-10-08 09:46:44.542595,REF_SQUARE_4535,0.37
TXN_SQUARE_20251008_4542,square,0.99,USD,completed,MERCH_042,2025-10-08 09:46:44.543244,REF_SQUARE_4542,0.33
TXN_SQUARE_20251008_4544,square,29.99,USD,completed,MERCH_044,2025-10-08 09:46:44.543427,REF_SQUARE_4544,1.17
TXN_SQUARE_20251008_4553,square,14.99,USD,completed,MERCH_003,2025-10-08 09:46:45.200566,REF_SQUARE_4553,0.73
TXN_SQUARE_20251008_4566,square,1.99,USD,completed,MERCH_016,2025-10-08 09:46:45.202229,REF_SQUARE_4566,0.36
TXN_SQUARE_20251008_4568,square,8.99,USD,completed,MERCH_018,2025-10-08 09:46:45.202422,REF_SQUARE_4568,0.56
TXN_SQUARE_20251008_4579,square,3.99,USD,completed,MERCH_029,2025-10-08 09:46:45.203572,REF_SQUARE_4579,0.42
TXN_SQUARE_20251008_4585,square,2.29,USD,completed,MERCH_035,2025-10-08 09:46:45.209252,REF_SQUARE_4585,0.37
TXN_SQUARE_20251008_4586,square,19.99,USD,completed,MERCH_036,2025-10-08 09:46:45.209347,REF_SQUARE_4586,0.88
TXN_SQUARE_20251008_4592,square,0.99,USD,completed,MERCH_042,2025-10-08 09:46:45.210117,REF_SQUARE_4592,0.33
TXN_SQUARE_20251008_4593,square,59.99,USD,completed,MERCH_043,2025-10-08 09:46:45.210209,REF_SQUARE_4593,2.04
TXN_SQUARE_20251008_4597,square,49.99,USD,completed,MERCH_047,2025-10-08 09:46:45.210583,REF_SQUARE_4597,1.75
TXN_SQUARE_20251008_4611,square,1899.99,USD,completed,MERCH_011,2025-10-08 09:46:48.602985,REF_SQUARE_4611,55.40
TXN_SQUARE_20251008_4623,square,2.99,USD,completed,MERCH_023,2025-10-08 09:46:48.603416,REF_SQUARE_4623,0.39
TXN_SQUARE_20251008_4637,square,1.99,USD,completed,MERCH_037,2025-10-08 09:46:48.603888,REF_SQUARE_4637,0.36
TXN_SQUARE_20251008_4643,square,59.99,USD,completed,MERCH_043,2025-10-08 09:46:48.604085,REF_SQUARE_4643,2.04
TXN_SQUARE_20251008_4658,square,89.99,USD,completed,MERCH_008,2025-10-08 09:46:49.203494,REF_SQUARE_4658,2.91
TXN_SQUARE_20251008_4663,square,299.99,USD,completed,MERCH_013,2025-10-08 09:46:49.204152,REF_SQUARE_4663,9.00
TXN_SQUARE_20251008_4671,square,1.49,USD,completed,MERCH_021,2025-10-08 09:46:49.204680,REF_SQUARE_4671,0.34
TXN_SQUARE_20251008_4673,square,2.99,USD,completed,MERCH_023,2025-10-08 09:46:49.204796,REF_SQUARE_4673,0.39
TXN_SQUARE_20251008_4674,square,14.99,USD,completed,MERCH_024,2025-10-08 09:46:49.204843,REF_SQUARE_4674,0.73
TXN_SQUARE_20251008_4678,square,5.49,USD,completed,MERCH_028,2025-10-08 09:46:49.205079,REF_SQUARE_4678,0.46
TXN_SQUARE_20251008_4683,square,4.99,USD,completed,MERCH_033,2025-10-08 09:46:49.205302,REF_SQUARE_4683,0.44
TXN_SQUARE_20251008_4684,square,7.99,USD,completed,MERCH_034,2025-10-08 09:46:49.205346,REF_SQUARE_4684,0.53
TXN_SQUARE_20251008_4685,square,2.29,USD,completed,MERCH_035,2025-10-08 09:46:49.205400,REF_SQUARE_4685,0.37
TXN_SQUARE_20251008_4686,square,19.99,USD,completed,MERCH_036,2025-10-08 09:46:49.205446,REF_SQUARE_4686,0.88
TXN_SQUARE_20251008_4693,square,59.99,USD,completed,MERCH_043,2025-10-08 09:46:49.205746,REF_SQUARE_4693,2.04
TXN_SQUARE_20251008_4712,square,2499.99,USD,completed,MERCH_012,2025-10-08 09:46:49.905373,REF_SQUARE_4712,72.80
TXN_SQUARE_20251008_4719,square,9.99,USD,completed,MERCH_019,2025-10-08 09:46:49.905752,REF_SQUARE_4719,0.59
TXN_SQUARE_20251008_4753,square,14.99,USD,completed,MERCH_003,2025-10-08 09:46:50.636030,REF_SQUARE_4753,0.73
TXN_SQUARE_20251008_4756,square,49.99,USD,completed,MERCH_006,2025-10-08 09:46:50.636361,REF_SQUARE_4756,1.75
TXN_SQUARE_20251008_4759,square,69.99,USD,completed,MERCH_009,2025-10-08 09:46:50.636635,REF_SQUARE_4759,2.33
TXN_SQUARE_20251008_4766,square,1.99,USD,completed,MERCH_016,2025-10-08 09:46:50.638145,REF_SQUARE_4766,0.36
TXN_SQUARE_20251008_4770,square,4.99,USD,completed,MERCH_020,2025-10-08 09:46:50.638304,REF_SQUARE_4770,0.44
TXN_SQUARE_20251008_4771,square,1.49,USD,completed,MERCH_021,2025-10-08 09:46:50.638344,REF_SQUARE_4771,0.34
TXN_SQUARE_20251008_4776,square,0.99,USD,completed,MERCH_026,2025-10-08 09:46:50.638532,REF_SQUARE_4776,0.33
TXN_SQUARE_20251008_4779,square,3.99,USD,completed,MERCH_029,2025-10-08 09:46:50.638639,REF_SQUARE_4779,0.42
TXN_SQUARE_20251008_4818,square,8.99,USD,completed,MERCH_018,2025-10-08 09:46:51.204402,REF_SQUARE_4818,0.56
TXN_SQUARE_20251008_4825,square,1.29,USD,completed,MERCH_025,2025-10-08 09:46:51.205065,REF_SQUARE_4825,0.34
TXN_SQUARE_20251008_4827,square,6.99,USD,completed,MERCH_027,2025-10-08 09:46:51.205177,REF_SQUARE_4827,0.50
TXN_SQUARE_20251008_4843,square,59.99,USD,completed,MERCH_043,2025-10-08 09:46:51.207214,REF_SQUARE_4843,2.04
TXN_SQUARE_20251008_4851,square,9.99,USD,completed,MERCH_001,2025-10-08 09:46:51.811870,REF_SQUARE_4851,0.59
TXN_SQUARE_20251008_4867,square,12.99,USD,completed,MERCH_017,2025-10-08 09:46:51.813196,REF_SQUARE_4867,0.68
TXN_SQUARE_20251008_4880,square,2.49,USD,completed,MERCH_030,2025-10-08 09:46:51.814152,REF_SQUARE_4880,0.37
TXN_SQUARE_20251008_4882,square,3.49,USD,completed,MERCH_032,2025-10-08 09:46:51.814260,REF_SQUARE_4882,0.40
TXN_SQUARE_20251008_4907,square,129.99,USD,completed,MERCH_007,2025-10-08 09:46:52.440946,REF_SQUARE_4907,4.07
TXN_SQUARE_20251008_4910,square,79.99,USD,completed,MERCH_010,2025-10-08 09:46:52.441209,REF_SQUARE_4910,2.62
TXN_SQUARE_20251008_4912,square,2499.99,USD,completed,MERCH_012,2025-10-08 09:46:52.441323,REF_SQUARE_4912,72.80
TXN_SQUARE_20251008_4922,square,10.99,USD,completed,MERCH_022,2025-10-08 09:46:52.441870,REF_SQUARE_4922,0.62
TXN_SQUARE_20251008_4928,square,5.49,USD,completed,MERCH_028,2025-10-08 09:46:52.442199,REF_SQUARE_4928,0.46
TXN_SQUARE_20251008_4929,square,3.99,USD,completed,MERCH_029,2025-10-08 09:46:52.442254,REF_SQUARE_4929,0.42
TXN_SQUARE_20251008_4940,square,3.99,USD,completed,MERCH_040,2025-10-08 09:46:52.442848,REF_SQUARE_4940,0.42
TXN_SQUARE_20251008_4968,square,8.99,USD,completed,MERCH_018,2025-10-08 09:46:53.301165,REF_SQUARE_4968,0.56
TXN_SQUARE_20251008_4969,square,9.99,USD,completed,MERCH_019,2025-10-08 09:46:53.301228,REF_SQUARE_4969,0.59
TXN_SQUARE_20251008_4977,square,6.99,USD,completed,MERCH_027,2025-10-08 09:46:53.301721,REF_SQUARE_4977,0.50
TXN_SQUARE_20251008_4979,square,3.99,USD,completed,MERCH_029,2025-10-08 09:46:53.301845,REF_SQUARE_4979,0.42
TXN_SQUARE_20251008_4983,square,4.99,USD,completed,MERCH_033,2025-10-08 09:46:53.302097,REF_SQUARE_4983,0.44
TXN_SQUARE_20251008_4984,square,7.99,USD,completed,MERCH_034,2025-10-08 09:46:53.302159,REF_SQUARE_4984,0.53
TXN_SQUARE_20251008_4986,square,19.99,USD,completed,MERCH_036,2025-10-08 09:46:53.302283,REF_SQUARE_4986,0.88
TXN_SQUARE_20251008_4987,square,1.99,USD,completed,MERCH_037,2025-10-08 09:46:53.302343,REF_SQUARE_4987,0.36
TXN_SQUARE_20251008_4990,square,3.99,USD,completed,MERCH_040,2025-10-08 09:46:53.302521,REF_SQUARE_4990,0.42
